match_id,name_officials,role
373467,Sean Dyche,Manager Home Team
373467,Eddie Howe,Manager Away Team
373467,Paul Tierney,Referee
373467,Adrian Holmes,Assistants
373467,Derek Eaton,Assistants
373467,Roger East,Fourth official
373468,Roy Hodgson,Manager Home Team
373468,Darren Moore,Manager Away Team
373468,Jonathan Moss,Referee
373468,Simon Bennett,Assistants
373468,Scott Ledger,Assistants
373468,Lee Probert,Fourth official
373470,Jürgen Klopp,Manager Home Team
373470,Chris Hughton,Manager Away Team
373470,Kevin Friend,Referee
373470,Mark Scholes,Assistants
373470,Sian Massey,Assistants
373470,Michael Jones,Fourth official
373473,Mark Hughes,Manager Home Team
373473,Pep Guardiola,Manager Away Team
373473,Andre Marriner,Referee
373473,Simon Long,Assistants
373473,Richard West,Assistants
373473,Mike Dean,Fourth official
373471,José Mourinho,Manager Home Team
373471,Javi Gracia,Manager Away Team
373471,Lee Mason,Referee
373471,Matt Wilkes,Assistants
373471,Mick McDonough,Assistants
373471,Neil Swarbrick,Fourth official
373469,David Wagner,Manager Home Team
373469,Arsène Wenger,Manager Away Team
373469,Michael Oliver,Referee
373469,Lee Betts,Assistants
373469,Ian Hussin,Assistants
373469,Chris Kavanagh,Fourth official
373472,Rafael Benítez,Manager Home Team
373472,Antonio Conte,Manager Away Team
373472,Martin Atkinson,Referee
373472,Stephen Child,Assistants
373472,Edward Smart,Assistants
373472,Robert Madley,Fourth official
373474,Carlos Carvalhal,Manager Home Team
373474,Paul Lambert,Manager Away Team
373474,Anthony Taylor,Referee
373474,Gary Beswick,Assistants
373474,Adam Nunn,Assistants
373474,Stuart Attwell,Fourth official
373475,Mauricio Pochettino,Manager Home Team
373475,Claude Puel,Manager Away Team
373475,Craig Pawson,Referee
373475,Stuart Burt,Assistants
373475,Simon Beck,Assistants
373475,David Coote,Fourth official
373400,Claude Puel,Manager Home Team
373400,Arsène Wenger,Manager Away Team
373400,Graham Scott,Referee
373400,Lee Betts,Assistants
373400,Marc Perry,Assistants
373400,Craig Pawson,Fourth official
373406,David Moyes,Manager Home Team
373406,José Mourinho,Manager Away Team
373406,Jonathan Moss,Referee
373406,Edward Smart,Assistants
373406,Harry Lennard,Assistants
373406,Kevin Friend,Fourth official
373440,Antonio Conte,Manager Home Team
373440,David Wagner,Manager Away Team
373440,Lee Mason,Referee
373440,Ian Hussin,Assistants
373440,Matt Wilkes,Assistants
373440,Mike Dean,Fourth official
373476,David Moyes,Manager Home Team
373476,Sam Allardyce,Manager Away Team
373476,Graham Scott,Referee
373476,Constantine Hatzidakis,Assistants
373476,Dan Robathan,Assistants
373476,Simon Hooper,Fourth official
373405,Mauricio Pochettino,Manager Home Team
373405,Rafael Benítez,Manager Away Team
373405,Neil Swarbrick,Referee
373405,Scott Ledger,Assistants
373405,Andy Halliday,Assistants
373405,Martin Atkinson,Fourth official
373402,Pep Guardiola,Manager Home Team
373402,Chris Hughton,Manager Away Team
373402,Paul Tierney,Referee
373402,Simon Beck,Assistants
373402,Andy Garratt,Assistants
373402,Robert Madley,Fourth official
373404,Carlos Carvalhal,Manager Home Team
373404,Mark Hughes,Manager Away Team
373404,Michael Oliver,Referee
373404,Simon Bennett,Assistants
373404,Stuart Burt,Assistants
373404,Andre Marriner,Fourth official
373463,Pep Guardiola,Manager Home Team
373463,David Wagner,Manager Away Team
373463,Mike Dean,Referee
373463,Simon Bennett,Assistants
373463,Simon Long,Assistants
373463,Paul Tierney,Fourth official
373457,Arsène Wenger,Manager Home Team
373457,Sean Dyche,Manager Away Team
373457,Andre Marriner,Referee
373457,Richard West,Assistants
373457,Sian Massey,Assistants
373457,Graham Scott,Fourth official
373460,Antonio Conte,Manager Home Team
373460,Jürgen Klopp,Manager Away Team
373460,Anthony Taylor,Referee
373460,Gary Beswick,Assistants
373460,Adam Nunn,Assistants
373460,Craig Pawson,Fourth official
373465,Javi Gracia,Manager Home Team
373465,Rafael Benítez,Manager Away Team
373465,Roger East,Referee
373465,Simon Beck,Assistants
373465,Andy Garratt,Assistants
373465,Lee Probert,Fourth official
373464,Paul Lambert,Manager Home Team
373464,Roy Hodgson,Manager Away Team
373464,Martin Atkinson,Referee
373464,Lee Betts,Assistants
373464,Peter Kirkup,Assistants
373464,Neil Swarbrick,Fourth official
373466,Darren Moore,Manager Home Team
373466,Mauricio Pochettino,Manager Away Team
373466,Michael Jones,Referee
373466,Ian Hussin,Assistants
373466,Mark Scholes,Assistants
373466,Andre Marriner,Fourth official
373458,Eddie Howe,Manager Home Team
373458,Carlos Carvalhal,Manager Away Team
373458,Kevin Friend,Referee
373458,Adrian Holmes,Assistants
373458,Matt Wilkes,Assistants
373458,Anthony Taylor,Fourth official
373462,Claude Puel,Manager Home Team
373462,David Moyes,Manager Away Team
373462,Chris Kavanagh,Referee
373462,Daniel Cook,Assistants
373462,Mick McDonough,Assistants
373462,Robert Madley,Fourth official
373461,Sam Allardyce,Manager Home Team
373461,Mark Hughes,Manager Away Team
373461,Jonathan Moss,Referee
373461,Edward Smart,Assistants
373461,Constantine Hatzidakis,Assistants
373461,Lee Mason,Fourth official
373455,Mauricio Pochettino,Manager Home Team
373455,Javi Gracia,Manager Away Team
373455,Michael Oliver,Referee
373455,Stuart Burt,Assistants
373455,Daniel Cook,Assistants
373455,Stuart Attwell,Fourth official
373450,Jürgen Klopp,Manager Home Team
373450,Paul Lambert,Manager Away Team
373450,Andre Marriner,Referee
373450,Richard West,Assistants
373450,Simon Long,Assistants
373450,Lee Mason,Fourth official
373447,Sean Dyche,Manager Home Team
373447,Chris Hughton,Manager Away Team
373447,Roger East,Referee
373447,Mark Scholes,Assistants
373447,Derek Eaton,Assistants
373447,Michael Jones,Fourth official
373459,Chris Hughton,Manager Home Team
373459,José Mourinho,Manager Away Team
373459,Craig Pawson,Referee
373459,Stephen Child,Assistants
373459,Stuart Burt,Assistants
373459,Stuart Attwell,Fourth official
373456,David Moyes,Manager Home Team
373456,Pep Guardiola,Manager Away Team
373456,Neil Swarbrick,Referee
373456,Scott Ledger,Assistants
373456,Marc Perry,Assistants
373456,Robert Madley,Fourth official
373451,José Mourinho,Manager Home Team
373451,Arsène Wenger,Manager Away Team
373451,Kevin Friend,Referee
373451,Simon Bennett,Assistants
373451,Edward Smart,Assistants
373451,Michael Oliver,Fourth official
373448,Roy Hodgson,Manager Home Team
373448,Claude Puel,Manager Away Team
373448,Mike Dean,Referee
373448,Ian Hussin,Assistants
373448,Dan Robathan,Assistants
373448,Neil Swarbrick,Fourth official
373449,David Wagner,Manager Home Team
373449,Sam Allardyce,Manager Away Team
373449,Lee Probert,Referee
373449,Simon Beck,Assistants
373449,Andy Garratt,Assistants
373449,Craig Pawson,Fourth official
373452,Rafael Benítez,Manager Home Team
373452,Darren Moore,Manager Away Team
373452,David Coote,Referee
373452,Lee Betts,Assistants
373452,Andy Halliday,Assistants
373452,Martin Atkinson,Fourth official
373453,Mark Hughes,Manager Home Team
373453,Eddie Howe,Manager Away Team
373453,Anthony Taylor,Referee
373453,Gary Beswick,Assistants
373453,Adam Nunn,Assistants
373453,Stuart Attwell,Fourth official
373454,Carlos Carvalhal,Manager Home Team
373454,Antonio Conte,Manager Away Team
373454,Jonathan Moss,Referee
373454,Adrian Holmes,Assistants
373454,Harry Lennard,Assistants
373454,Chris Kavanagh,Fourth official
373441,Sam Allardyce,Manager Home Team
373441,Rafael Benítez,Manager Away Team
373441,Robert Madley,Referee
373441,Marc Perry,Assistants
373441,Adrian Holmes,Assistants
373441,Andre Marriner,Fourth official
373443,Pep Guardiola,Manager Home Team
373443,Carlos Carvalhal,Manager Away Team
373443,Craig Pawson,Referee
373443,Stuart Burt,Assistants
373443,Constantine Hatzidakis,Assistants
373443,Paul Tierney,Fourth official
373437,Arsène Wenger,Manager Home Team
373437,David Moyes,Manager Away Team
373437,Lee Mason,Referee
373437,Harry Lennard,Assistants
373437,Matt Wilkes,Assistants
373437,Graham Scott,Fourth official
373444,Paul Lambert,Manager Home Team
373444,Sean Dyche,Manager Away Team
373444,Mike Dean,Referee
373444,Ian Hussin,Assistants
373444,Mark Scholes,Assistants
373444,Roger East,Fourth official
373446,Darren Moore,Manager Home Team
373446,Jürgen Klopp,Manager Away Team
373446,Stuart Attwell,Referee
373446,Simon Long,Assistants
373446,Daniel Cook,Assistants
373446,Jonathan Moss,Fourth official
373445,Javi Gracia,Manager Home Team
373445,Roy Hodgson,Manager Away Team
373445,Chris Kavanagh,Referee
373445,Lee Betts,Assistants
373445,Peter Kirkup,Assistants
373445,Graham Scott,Fourth official
373398,Sean Dyche,Manager Home Team
373398,Antonio Conte,Manager Away Team
373398,Robert Madley,Referee
373398,Marc Perry,Assistants
373398,Adrian Holmes,Assistants
373398,Anthony Taylor,Fourth official
373442,Claude Puel,Manager Home Team
373442,Mark Hughes,Manager Away Team
373442,Roger East,Referee
373442,Simon Beck,Assistants
373442,Derek Eaton,Assistants
373442,Neil Swarbrick,Fourth official
373438,Eddie Howe,Manager Home Team
373438,José Mourinho,Manager Away Team
373438,Graham Scott,Referee
373438,Constantine Hatzidakis,Assistants
373438,Harry Lennard,Assistants
373438,Andre Marriner,Fourth official
373439,Chris Hughton,Manager Home Team
373439,Mauricio Pochettino,Manager Away Team
373439,Kevin Friend,Referee
373439,Matt Wilkes,Assistants
373439,Mark Scholes,Assistants
373439,Lee Probert,Fourth official
373436,David Moyes,Manager Home Team
373436,Paul Lambert,Manager Away Team
373436,Michael Oliver,Referee
373436,Stuart Burt,Assistants
373436,Daniel Cook,Assistants
373436,Craig Pawson,Fourth official
373432,Rafael Benítez,Manager Home Team
373432,Arsène Wenger,Manager Away Team
373432,Anthony Taylor,Referee
373432,Gary Beswick,Assistants
373432,Adam Nunn,Assistants
373432,Kevin Friend,Fourth official
373431,José Mourinho,Manager Home Team
373431,Darren Moore,Manager Away Team
373431,Paul Tierney,Referee
373431,Richard West,Assistants
373431,Andy Garratt,Assistants
373431,Mike Dean,Fourth official
373427,Sean Dyche,Manager Home Team
373427,Claude Puel,Manager Away Team
373427,Martin Atkinson,Referee
373427,Stephen Child,Assistants
373427,Mick McDonough,Assistants
373427,Paul Tierney,Fourth official
373433,Mark Hughes,Manager Home Team
373433,Antonio Conte,Manager Away Team
373433,Mike Dean,Referee
373433,Ian Hussin,Assistants
373433,Mark Scholes,Assistants
373433,Roger East,Fourth official
373429,David Wagner,Manager Home Team
373429,Javi Gracia,Manager Away Team
373429,Craig Pawson,Referee
373429,Constantine Hatzidakis,Assistants
373429,Edward Smart,Assistants
373429,Michael Oliver,Fourth official
373428,Roy Hodgson,Manager Home Team
373428,Chris Hughton,Manager Away Team
373428,Andre Marriner,Referee
373428,Scott Ledger,Assistants
373428,Simon Long,Assistants
373428,Graham Scott,Fourth official
373434,Carlos Carvalhal,Manager Home Team
373434,Sam Allardyce,Manager Away Team
373434,Lee Mason,Referee
373434,Harry Lennard,Assistants
373434,Marc Perry,Assistants
373434,Lee Probert,Fourth official
373430,Jürgen Klopp,Manager Home Team
373430,Eddie Howe,Manager Away Team
373430,Chris Kavanagh,Referee
373430,Lee Betts,Assistants
373430,Peter Kirkup,Assistants
373430,Robert Madley,Fourth official
373417,Arsène Wenger,Manager Home Team
373417,Mark Hughes,Manager Away Team
373417,Andre Marriner,Referee
373417,Scott Ledger,Assistants
373417,Simon Long,Assistants
373417,Mike Dean,Fourth official
373420,Antonio Conte,Manager Home Team
373420,David Moyes,Manager Away Team
373420,Kevin Friend,Referee
373420,Harry Lennard,Assistants
373420,Matt Wilkes,Assistants
373420,Neil Swarbrick,Fourth official
373435,Mauricio Pochettino,Manager Home Team
373435,Pep Guardiola,Manager Away Team
373435,Jonathan Moss,Referee
373435,Simon Bennett,Assistants
373435,Andy Halliday,Assistants
373435,Stuart Attwell,Fourth official
373419,Chris Hughton,Manager Home Team
373419,David Wagner,Manager Away Team
373419,Anthony Taylor,Referee
373419,Adam Nunn,Assistants
373419,Peter Kirkup,Assistants
373419,Lee Probert,Fourth official
373418,Eddie Howe,Manager Home Team
373418,Roy Hodgson,Manager Away Team
373418,Jonathan Moss,Referee
373418,Edward Smart,Assistants
373418,Andy Halliday,Assistants
373418,Kevin Friend,Fourth official
373422,Claude Puel,Manager Home Team
373422,Rafael Benítez,Manager Away Team
373422,Stuart Attwell,Referee
373422,Stuart Burt,Assistants
373422,Adrian Holmes,Assistants
373422,Lee Mason,Fourth official
373421,Sam Allardyce,Manager Home Team
373421,Jürgen Klopp,Manager Away Team
373421,Michael Oliver,Referee
373421,Simon Bennett,Assistants
373421,Daniel Cook,Assistants
373421,Chris Kavanagh,Fourth official
373424,Paul Lambert,Manager Home Team
373424,Mauricio Pochettino,Manager Away Team
373424,Graham Scott,Referee
373424,Gary Beswick,Assistants
373424,Constantine Hatzidakis,Assistants
373424,Andre Marriner,Fourth official
373425,Javi Gracia,Manager Home Team
373425,Sean Dyche,Manager Away Team
373426,Darren Moore,Manager Home Team
373426,Carlos Carvalhal,Manager Away Team
373426,Roger East,Referee
373426,Simon Beck,Assistants
373426,Derek Eaton,Assistants
373426,David Coote,Fourth official
373423,Pep Guardiola,Manager Home Team
373423,José Mourinho,Manager Away Team
373423,Martin Atkinson,Referee
373423,Lee Betts,Assistants
373423,Stephen Child,Assistants
373423,Craig Pawson,Fourth official
373409,Antonio Conte,Manager Home Team
373409,Mauricio Pochettino,Manager Away Team
373409,Andre Marriner,Referee
373409,Scott Ledger,Assistants
373409,Simon Long,Assistants
373409,Graham Scott,Fourth official
373408,Chris Hughton,Manager Home Team
373408,Claude Puel,Manager Away Team
373408,Chris Kavanagh,Referee
373408,Gary Beswick,Assistants
373408,Sian Massey,Assistants
373408,Andre Marriner,Fourth official
373412,José Mourinho,Manager Home Team
373412,Carlos Carvalhal,Manager Away Team
373412,Robert Madley,Referee
373412,Marc Perry,Assistants
373412,Mick McDonough,Assistants
373412,Anthony Taylor,Fourth official
373407,Arsène Wenger,Manager Home Team
373407,Paul Lambert,Manager Away Team
373407,Craig Pawson,Referee
373407,Stuart Burt,Assistants
373407,Richard West,Assistants
373407,Kevin Friend,Fourth official
373410,Roy Hodgson,Manager Home Team
373410,Jürgen Klopp,Manager Away Team
373410,Neil Swarbrick,Referee
373410,Adam Nunn,Assistants
373410,Adrian Holmes,Assistants
373410,Kevin Friend,Fourth official
373413,Rafael Benítez,Manager Home Team
373413,David Wagner,Manager Away Team
373413,Martin Atkinson,Referee
373413,Lee Betts,Assistants
373413,Stephen Child,Assistants
373413,Stuart Attwell,Fourth official
373416,Alan Pardew,Manager Home Team
373416,Sean Dyche,Manager Away Team
373416,Lee Probert,Referee
373416,Andy Garratt,Assistants
373416,Simon Beck,Assistants
373416,Oliver Langford,Fourth official
373415,Javi Gracia,Manager Home Team
373415,Eddie Howe,Manager Away Team
373415,Andy Madley,Referee
373415,Peter Kirkup,Assistants
373415,Constantine Hatzidakis,Assistants
373415,Craig Pawson,Fourth official
373411,Sam Allardyce,Manager Home Team
373411,Pep Guardiola,Manager Away Team
373411,Paul Tierney,Referee
373411,Edward Smart,Assistants
373411,Derek Eaton,Assistants
373411,Michael Oliver,Fourth official
373116,David Moyes,Manager Home Team
373116,Mark Hughes,Manager Away Team
373116,Jonathan Moss,Referee
373116,Simon Bennett,Assistants
373116,Andy Halliday,Assistants
373116,Graham Scott,Fourth official
373401,Jürgen Klopp,Manager Home Team
373401,Javi Gracia,Manager Away Team
373401,Anthony Taylor,Referee
373401,Adam Nunn,Assistants
373401,Daniel Cook,Assistants
373401,Roger East,Fourth official
373397,Eddie Howe,Manager Home Team
373397,Alan Pardew,Manager Away Team
373397,Graham Scott,Referee
373397,Peter Kirkup,Assistants
373397,Constantine Hatzidakis,Assistants
373397,Tim Robinson,Fourth official
373399,David Wagner,Manager Home Team
373399,Roy Hodgson,Manager Away Team
373399,Mike Dean,Referee
373399,Edward Smart,Assistants
373399,Mark Scholes,Assistants
373399,Lee Probert,Fourth official
373403,Paul Lambert,Manager Home Team
373403,Sam Allardyce,Manager Away Team
373403,Martin Atkinson,Referee
373403,Lee Betts,Assistants
373403,Stephen Child,Assistants
373403,Jonathan Moss,Fourth official
373394,Paul Lambert,Manager Home Team
373394,Pep Guardiola,Manager Away Team
373394,Jonathan Moss,Referee
373394,Matt Wilkes,Assistants
373394,Andy Halliday,Assistants
373394,Andre Marriner,Fourth official
373388,Eddie Howe,Manager Home Team
373388,Mauricio Pochettino,Manager Away Team
373388,Mike Dean,Referee
373388,Mark Scholes,Assistants
373388,Simon Beck,Assistants
373388,Graham Scott,Fourth official
373387,Arsène Wenger,Manager Home Team
373387,Javi Gracia,Manager Away Team
373387,Martin Atkinson,Referee
373387,Lee Betts,Assistants
373387,Constantine Hatzidakis,Assistants
373387,Chris Kavanagh,Fourth official
373392,José Mourinho,Manager Home Team
373392,Jürgen Klopp,Manager Away Team
373392,Craig Pawson,Referee
373392,Gary Beswick,Assistants
373392,Peter Kirkup,Assistants
373392,Martin Atkinson,Fourth official
373390,Sam Allardyce,Manager Home Team
373390,Chris Hughton,Manager Away Team
373390,Roger East,Referee
373390,Simon Long,Assistants
373390,Sian Massey,Assistants
373390,Paul Tierney,Fourth official
373391,David Wagner,Manager Home Team
373391,Carlos Carvalhal,Manager Away Team
373391,Michael Oliver,Referee
373391,Simon Bennett,Assistants
373391,Stuart Burt,Assistants
373391,Jonathan Moss,Fourth official
373395,Alan Pardew,Manager Home Team
373395,Claude Puel,Manager Away Team
373395,Robert Madley,Referee
373395,Marc Perry,Assistants
373395,Mick McDonough,Assistants
373395,Neil Swarbrick,Fourth official
373393,Rafael Benítez,Manager Home Team
373393,Mauricio Pellegrino,Manager Away Team
373393,Andre Marriner,Referee
373393,Scott Ledger,Assistants
373393,Richard West,Assistants
373393,Kevin Friend,Fourth official
373396,David Moyes,Manager Home Team
373396,Sean Dyche,Manager Away Team
373396,Lee Mason,Referee
373396,Harry Lennard,Assistants
373396,Matt Wilkes,Assistants
373396,Graham Scott,Fourth official
373389,Antonio Conte,Manager Home Team
373389,Roy Hodgson,Manager Away Team
373389,Anthony Taylor,Referee
373389,Adam Nunn,Assistants
373389,Daniel Cook,Assistants
373389,Chris Kavanagh,Fourth official
373379,Roy Hodgson,Manager Home Team
373379,José Mourinho,Manager Away Team
373379,Neil Swarbrick,Referee
373379,Scott Ledger,Assistants
373379,Richard West,Assistants
373379,Lee Mason,Fourth official
373377,Chris Hughton,Manager Home Team
373377,Arsène Wenger,Manager Away Team
373377,Stuart Attwell,Referee
373377,Simon Beck,Assistants
373377,Matt Wilkes,Assistants
373377,Kevin Friend,Fourth official
373383,Mauricio Pellegrino,Manager Home Team
373383,Paul Lambert,Manager Away Team
373383,Anthony Taylor,Referee
373383,Gary Beswick,Assistants
373383,Adam Nunn,Assistants
373383,Andre Marriner,Fourth official
373382,Pep Guardiola,Manager Home Team
373382,Antonio Conte,Manager Away Team
373382,Michael Oliver,Referee
373382,Simon Bennett,Assistants
373382,Stuart Burt,Assistants
373382,Jonathan Moss,Fourth official
373380,Claude Puel,Manager Home Team
373380,Eddie Howe,Manager Away Team
373380,Lee Probert,Referee
373380,Andy Garratt,Assistants
373380,Marc Perry,Assistants
373380,Robert Madley,Fourth official
373378,Sean Dyche,Manager Home Team
373378,Sam Allardyce,Manager Away Team
373378,Chris Kavanagh,Referee
373378,Lee Betts,Assistants
373378,Constantine Hatzidakis,Assistants
373378,Jonathan Moss,Fourth official
373384,Carlos Carvalhal,Manager Home Team
373384,David Moyes,Manager Away Team
373384,Martin Atkinson,Referee
373384,Peter Kirkup,Assistants
373384,Adrian Holmes,Assistants
373384,Roger East,Fourth official
373385,Mauricio Pochettino,Manager Home Team
373385,David Wagner,Manager Away Team
373385,Michael Jones,Referee
373385,Ian Hussin,Assistants
373385,Mark Scholes,Assistants
373385,Kevin Friend,Fourth official
373386,Javi Gracia,Manager Home Team
373386,Alan Pardew,Manager Away Team
373386,Paul Tierney,Referee
373386,Harry Lennard,Assistants
373386,Mick McDonough,Assistants
373386,Stuart Attwell,Fourth official
373381,Jürgen Klopp,Manager Home Team
373381,Rafael Benítez,Manager Away Team
373381,Graham Scott,Referee
373381,Simon Long,Assistants
373381,Daniel Cook,Assistants
373381,Neil Swarbrick,Fourth official
373374,José Mourinho,Manager Home Team
373374,Antonio Conte,Manager Away Team
373374,Martin Atkinson,Referee
373374,Lee Betts,Assistants
373374,Simon Bennett,Assistants
373374,Andre Marriner,Fourth official
373367,Arsène Wenger,Manager Home Team
373367,Pep Guardiola,Manager Away Team
373367,Andre Marriner,Referee
373367,Scott Ledger,Assistants
373367,Ian Hussin,Assistants
373367,Mike Dean,Fourth official
373371,Roy Hodgson,Manager Home Team
373371,Mauricio Pochettino,Manager Away Team
373371,Kevin Friend,Referee
373371,Harry Lennard,Assistants
373371,Matt Wilkes,Assistants
373371,Chris Kavanagh,Fourth official
373368,Eddie Howe,Manager Home Team
373368,Rafael Benítez,Manager Away Team
373368,Roger East,Referee
373368,Simon Beck,Assistants
373368,Sian Massey,Assistants
373368,James Linington,Fourth official
373372,Claude Puel,Manager Home Team
373372,Paul Lambert,Manager Away Team
373372,Michael Oliver,Referee
373372,Stuart Burt,Assistants
373372,Daniel Cook,Assistants
373372,Paul Tierney,Fourth official
373369,Chris Hughton,Manager Home Team
373369,Carlos Carvalhal,Manager Away Team
373369,Mike Dean,Referee
373369,Simon Long,Assistants
373369,Edward Smart,Assistants
373369,Chris Kavanagh,Fourth official
373370,Sean Dyche,Manager Home Team
373370,Mauricio Pellegrino,Manager Away Team
373370,Robert Madley,Referee
373370,Marc Perry,Assistants
373370,Mick McDonough,Assistants
373370,Michael Jones,Fourth official
373373,Jürgen Klopp,Manager Home Team
373373,David Moyes,Manager Away Team
373373,Stuart Attwell,Referee
373373,Richard West,Assistants
373373,Mark Scholes,Assistants
373373,Martin Atkinson,Fourth official
373359,David Wagner,Manager Home Team
373359,Eddie Howe,Manager Away Team
373359,Michael Oliver,Referee
373359,Simon Bennett,Assistants
373359,Scott Ledger,Assistants
373359,Lee Mason,Fourth official
373375,Javi Gracia,Manager Home Team
373375,Sam Allardyce,Manager Away Team
373375,Anthony Taylor,Referee
373375,Peter Kirkup,Assistants
373375,Constantine Hatzidakis,Assistants
373375,Kevin Friend,Fourth official
373357,Antonio Conte,Manager Home Team
373357,Alan Pardew,Manager Away Team
373357,Lee Mason,Referee
373357,Harry Lennard,Assistants
373357,Matt Wilkes,Assistants
373357,Stuart Attwell,Fourth official
373376,Alan Pardew,Manager Home Team
373376,David Wagner,Manager Away Team
373376,Jonathan Moss,Referee
373376,Adrian Holmes,Assistants
373376,Andy Halliday,Assistants
373376,Lee Mason,Fourth official
373362,Mauricio Pellegrino,Manager Home Team
373362,Jürgen Klopp,Manager Away Team
373362,Martin Atkinson,Referee
373362,Peter Kirkup,Assistants
373362,Stuart Burt,Assistants
373362,Kevin Friend,Fourth official
373361,Rafael Benítez,Manager Home Team
373361,José Mourinho,Manager Away Team
373361,Craig Pawson,Referee
373361,Lee Betts,Assistants
373361,Richard West,Assistants
373361,Paul Tierney,Fourth official
373365,Mauricio Pochettino,Manager Home Team
373365,Arsène Wenger,Manager Away Team
373365,Anthony Taylor,Referee
373365,Gary Beswick,Assistants
373365,Adam Nunn,Assistants
373365,Neil Swarbrick,Fourth official
373358,Sam Allardyce,Manager Home Team
373358,Roy Hodgson,Manager Away Team
373358,Jonathan Moss,Referee
373358,Edward Smart,Assistants
373358,Andy Halliday,Assistants
373358,Paul Tierney,Fourth official
373366,David Moyes,Manager Home Team
373366,Javi Gracia,Manager Away Team
373366,Graham Scott,Referee
373366,Andy Garratt,Assistants
373366,Mark Scholes,Assistants
373366,Roger East,Fourth official
373360,Pep Guardiola,Manager Home Team
373360,Claude Puel,Manager Away Team
373360,Michael Jones,Referee
373360,Simon Long,Assistants
373360,Ian Hussin,Assistants
373360,Michael Oliver,Fourth official
373364,Carlos Carvalhal,Manager Home Team
373364,Sean Dyche,Manager Away Team
373364,Andre Marriner,Referee
373364,Constantine Hatzidakis,Assistants
373364,Sian Massey,Assistants
373364,Stuart Attwell,Fourth official
373363,Paul Lambert,Manager Home Team
373363,Chris Hughton,Manager Away Team
373363,Robert Madley,Referee
373363,Marc Perry,Assistants
373363,Mick McDonough,Assistants
373363,Mike Dean,Fourth official
373351,Roy Hodgson,Manager Home Team
373351,Rafael Benítez,Manager Away Team
373351,Andre Marriner,Referee
373351,Simon Beck,Assistants
373351,Richard West,Assistants
373351,Lee Probert,Fourth official
373355,Javi Gracia,Manager Home Team
373355,Antonio Conte,Manager Away Team
373355,Craig Pawson,Referee
373355,Ian Hussin,Assistants
373355,Adrian Holmes,Assistants
373355,Robert Madley,Fourth official
373350,Sean Dyche,Manager Home Team
373350,Pep Guardiola,Manager Away Team
373350,Martin Atkinson,Referee
373350,Peter Kirkup,Assistants
373350,Lee Betts,Assistants
373350,Jonathan Moss,Fourth official
373353,Jürgen Klopp,Manager Home Team
373353,Mauricio Pochettino,Manager Away Team
373353,Jonathan Moss,Referee
373353,Edward Smart,Assistants
373353,Andy Halliday,Assistants
373353,Martin Atkinson,Fourth official
373348,Eddie Howe,Manager Home Team
373348,Paul Lambert,Manager Away Team
373348,Paul Tierney,Referee
373348,Marc Perry,Assistants
373348,Mick McDonough,Assistants
373348,Chris Kavanagh,Fourth official
373349,Chris Hughton,Manager Home Team
373349,David Moyes,Manager Away Team
373349,Roger East,Referee
373349,Matt Wilkes,Assistants
373349,Andy Garratt,Assistants
373349,Kevin Friend,Fourth official
373354,José Mourinho,Manager Home Team
373354,David Wagner,Manager Away Team
373354,Stuart Attwell,Referee
373354,Simon Long,Assistants
373354,Harry Lennard,Assistants
373354,Mike Dean,Fourth official
373347,Arsène Wenger,Manager Home Team
373347,Sam Allardyce,Manager Away Team
373347,Neil Swarbrick,Referee
373347,Constantine Hatzidakis,Assistants
373347,Daniel Cook,Assistants
373347,Craig Pawson,Fourth official
373352,Claude Puel,Manager Home Team
373352,Carlos Carvalhal,Manager Away Team
373352,Anthony Taylor,Referee
373352,Gary Beswick,Assistants
373352,Adam Nunn,Assistants
373352,Robert Madley,Fourth official
373341,Sam Allardyce,Manager Home Team
373341,Claude Puel,Manager Away Team
373341,Chris Kavanagh,Referee
373341,Richard West,Assistants
373341,Sian Massey,Assistants
373341,Michael Jones,Fourth official
373356,Alan Pardew,Manager Home Team
373356,Mauricio Pellegrino,Manager Away Team
373356,Michael Oliver,Referee
373356,Simon Bennett,Assistants
373356,Stuart Burt,Assistants
373356,Lee Mason,Fourth official
373340,Antonio Conte,Manager Home Team
373340,Eddie Howe,Manager Away Team
373340,Lee Probert,Referee
373340,Andy Garratt,Assistants
373340,Matt Wilkes,Assistants
373340,Roger East,Fourth official
373343,Rafael Benítez,Manager Home Team
373343,Sean Dyche,Manager Away Team
373343,Simon Hooper,Referee
373343,Gary Beswick,Assistants
373343,Lee Betts,Assistants
373343,Neil Swarbrick,Fourth official
373344,Mauricio Pellegrino,Manager Home Team
373344,Chris Hughton,Manager Away Team
373344,Mike Dean,Referee
373344,Simon Long,Assistants
373344,Ian Hussin,Assistants
373344,John Brooks,Fourth official
373342,Pep Guardiola,Manager Home Team
373342,Alan Pardew,Manager Away Team
373342,Robert Madley,Referee
373342,Adam Nunn,Assistants
373342,Mick McDonough,Assistants
373342,Kevin Friend,Fourth official
373345,Paul Lambert,Manager Home Team
373345,Javi Gracia,Manager Away Team
373345,Jonathan Moss,Referee
373345,Edward Smart,Assistants
373345,Andy Halliday,Assistants
373345,Lee Mason,Fourth official
373346,Mauricio Pochettino,Manager Home Team
373346,José Mourinho,Manager Away Team
373346,Andre Marriner,Referee
373346,Scott Ledger,Assistants
373346,Simon Beck,Assistants
373346,Graham Scott,Fourth official
373338,Carlos Carvalhal,Manager Home Team
373338,Arsène Wenger,Manager Away Team
373338,Lee Mason,Referee
373338,Harry Lennard,Assistants
373338,Stuart Burt,Assistants
373338,Roger East,Fourth official
373339,David Moyes,Manager Home Team
373339,Roy Hodgson,Manager Away Team
373339,Neil Swarbrick,Referee
373339,Adrian Holmes,Assistants
373339,Marc Perry,Assistants
373339,Andre Marriner,Fourth official
373337,David Wagner,Manager Home Team
373337,Jürgen Klopp,Manager Away Team
373337,Kevin Friend,Referee
373337,Simon Bennett,Assistants
373337,Mark Scholes,Assistants
373337,Jonathan Moss,Fourth official
373335,Carlos Carvalhal,Manager Home Team
373335,Jürgen Klopp,Manager Away Team
373335,Neil Swarbrick,Referee
373335,Constantine Hatzidakis,Assistants
373335,Daniel Cook,Assistants
373335,Michael Jones,Fourth official
373333,Mauricio Pellegrino,Manager Home Team
373333,Mauricio Pochettino,Manager Away Team
373333,Kevin Friend,Referee
373333,Harry Lennard,Assistants
373333,Matt Wilkes,Assistants
373333,Graham Scott,Fourth official
373328,Chris Hughton,Manager Home Team
373328,Antonio Conte,Manager Away Team
373328,Jonathan Moss,Referee
373328,Edward Smart,Assistants
373328,Andy Halliday,Assistants
373328,Kevin Friend,Fourth official
373327,Arsène Wenger,Manager Home Team
373327,Roy Hodgson,Manager Away Team
373327,Chris Kavanagh,Referee
373327,Peter Kirkup,Assistants
373327,Adam Nunn,Assistants
373327,Andre Marriner,Fourth official
373329,Sean Dyche,Manager Home Team
373329,José Mourinho,Manager Away Team
373329,Mike Dean,Referee
373329,Simon Long,Assistants
373329,Ian Hussin,Assistants
373329,Michael Jones,Fourth official
373330,Sam Allardyce,Manager Home Team
373330,Alan Pardew,Manager Away Team
373330,Stuart Attwell,Referee
373330,Gary Beswick,Assistants
373330,Richard West,Assistants
373330,Anthony Taylor,Fourth official
373334,Paul Lambert,Manager Home Team
373334,David Wagner,Manager Away Team
373334,Michael Oliver,Referee
373334,Scott Ledger,Assistants
373334,Mick McDonough,Assistants
373334,Neil Swarbrick,Fourth official
373331,Claude Puel,Manager Home Team
373331,Marco Silva,Manager Away Team
373331,Lee Probert,Referee
373331,Simon Beck,Assistants
373331,Andy Garratt,Assistants
373331,Graham Scott,Fourth official
373336,David Moyes,Manager Home Team
373336,Eddie Howe,Manager Away Team
373336,Martin Atkinson,Referee
373336,Lee Betts,Assistants
373336,Stephen Child,Assistants
373336,Lee Mason,Fourth official
373332,Pep Guardiola,Manager Home Team
373332,Rafael Benítez,Manager Away Team
373332,Paul Tierney,Referee
373332,Simon Bennett,Assistants
373332,Marc Perry,Assistants
373332,Craig Pawson,Fourth official
373317,Eddie Howe,Manager Home Team
373317,Arsène Wenger,Manager Away Team
373317,Kevin Friend,Referee
373317,Harry Lennard,Assistants
373317,Matt Wilkes,Assistants
373317,Lee Probert,Fourth official
373322,José Mourinho,Manager Home Team
373322,Eddie Niedzwiecki,Manager Away Team
373322,Anthony Taylor,Referee
373322,Adam Nunn,Assistants
373322,Constantine Hatzidakis,Assistants
373322,Robert Madley,Fourth official
373321,Jürgen Klopp,Manager Home Team
373321,Pep Guardiola,Manager Away Team
373321,Andre Marriner,Referee
373321,Scott Ledger,Assistants
373321,Richard West,Assistants
373321,Mike Dean,Fourth official
373318,Antonio Conte,Manager Home Team
373318,Claude Puel,Manager Away Team
373318,Michael Jones,Referee
373318,Simon Beck,Assistants
373318,Mark Scholes,Assistants
373318,Lee Mason,Fourth official
373320,David Wagner,Manager Home Team
373320,David Moyes,Manager Away Team
373320,Jonathan Moss,Referee
373320,Edward Smart,Assistants
373320,Andy Halliday,Assistants
373320,Mike Dean,Fourth official
373319,Roy Hodgson,Manager Home Team
373319,Sean Dyche,Manager Away Team
373319,Michael Oliver,Referee
373319,Steve Bennett,Assistants
373319,Mick McDonough,Assistants
373319,Robert Madley,Fourth official
373323,Rafael Benítez,Manager Home Team
373323,Carlos Carvalhal,Manager Away Team
373323,Graham Scott,Referee
373323,Peter Kirkup,Assistants
373323,Sian Massey,Assistants
373323,Neil Swarbrick,Fourth official
373324,Mauricio Pochettino,Manager Home Team
373324,Sam Allardyce,Manager Away Team
373324,Craig Pawson,Referee
373324,Lee Betts,Assistants
373324,Daniel Cook,Assistants
373324,Stuart Attwell,Fourth official
373326,Alan Pardew,Manager Home Team
373326,Chris Hughton,Manager Away Team
373326,Martin Atkinson,Referee
373326,Stephen Child,Assistants
373326,Adrian Holmes,Assistants
373326,Tony Harrington,Fourth official
373304,Mauricio Pochettino,Manager Home Team
373304,David Moyes,Manager Away Team
373304,Mike Dean,Referee
373304,Simon Long,Assistants
373304,Daniel Cook,Assistants
373304,Roger East,Fourth official
373307,Arsène Wenger,Manager Home Team
373307,Antonio Conte,Manager Away Team
373307,Anthony Taylor,Referee
373307,Adam Nunn,Assistants
373307,Lee Betts,Assistants
373307,Craig Pawson,Fourth official
373315,Carlos Carvalhal,Manager Home Team
373315,Mauricio Pochettino,Manager Away Team
373315,Robert Madley,Referee
373315,Marc Perry,Assistants
373315,Stephen Child,Assistants
373315,Lee Probert,Fourth official
373313,Mauricio Pellegrino,Manager Home Team
373313,Roy Hodgson,Manager Away Team
373313,Stuart Attwell,Referee
373313,Simon Long,Assistants
373313,Adrian Holmes,Assistants
373313,Kevin Friend,Fourth official
373316,David Moyes,Manager Home Team
373316,Alan Pardew,Manager Away Team
373316,Michael Jones,Referee
373316,Simon Beck,Assistants
373316,Andy Garratt,Assistants
373316,Neil Swarbrick,Fourth official
373312,Pep Guardiola,Manager Home Team
373312,Marco Silva,Manager Away Team
373312,Lee Mason,Referee
373312,Harry Lennard,Assistants
373312,Matt Wilkes,Assistants
373312,Mike Dean,Fourth official
373308,Chris Hughton,Manager Home Team
373308,Eddie Howe,Manager Away Team
373308,Michael Oliver,Referee
373308,Simon Bennett,Assistants
373308,Stuart Burt,Assistants
373308,Kevin Friend,Fourth official
373309,Sean Dyche,Manager Home Team
373309,Jürgen Klopp,Manager Away Team
373309,Roger East,Referee
373309,Mark Scholes,Assistants
373309,Mick McDonough,Assistants
373309,Martin Atkinson,Fourth official
373311,Claude Puel,Manager Home Team
373311,David Wagner,Manager Away Team
373311,Graham Scott,Referee
373311,Constantine Hatzidakis,Assistants
373311,Neil Davies,Assistants
373311,Anthony Taylor,Fourth official
373314,Mark Hughes,Manager Home Team
373314,Rafael Benítez,Manager Away Team
373314,Chris Kavanagh,Referee
373314,Peter Kirkup,Assistants
373314,Sian Massey,Assistants
373314,Craig Pawson,Fourth official
373310,Sam Allardyce,Manager Home Team
373310,José Mourinho,Manager Away Team
373310,Andre Marriner,Referee
373310,Scott Ledger,Assistants
373310,Richard West,Assistants
373310,Paul Tierney,Fourth official
373299,Roy Hodgson,Manager Home Team
373299,Pep Guardiola,Manager Away Team
373299,Jonathan Moss,Referee
373299,Edward Smart,Assistants
373299,Andy Halliday,Assistants
373299,Stuart Attwell,Fourth official
373306,Alan Pardew,Manager Home Team
373306,Arsène Wenger,Manager Away Team
373306,Mike Dean,Referee
373306,Simon Long,Assistants
373306,Ian Hussin,Assistants
373306,Chris Kavanagh,Fourth official
373297,Eddie Howe,Manager Home Team
373297,Sam Allardyce,Manager Away Team
373297,Lee Probert,Referee
373297,Simon Beck,Assistants
373297,Constantine Hatzidakis,Assistants
373297,Andre Marriner,Fourth official
373298,Antonio Conte,Manager Home Team
373298,Mark Hughes,Manager Away Team
373298,Kevin Friend,Referee
373298,Stuart Burt,Assistants
373298,Derek Eaton,Assistants
373298,Jonathan Moss,Fourth official
373305,Marco Silva,Manager Home Team
373305,Carlos Carvalhal,Manager Away Team
373305,Martin Atkinson,Referee
373305,Stephen Child,Assistants
373305,Harry Lennard,Assistants
373305,Roger East,Fourth official
373289,Roy Hodgson,Manager Home Team
373289,Arsène Wenger,Manager Away Team
373289,Michael Oliver,Referee
373289,Simon Bennett,Assistants
373289,Daniel Cook,Assistants
373289,Graham Scott,Fourth official
373301,Jürgen Klopp,Manager Home Team
373301,Claude Puel,Manager Away Team
373301,Neil Swarbrick,Referee
373301,Scott Ledger,Assistants
373301,Andy Garratt,Assistants
373301,Lee Mason,Fourth official
373300,David Wagner,Manager Home Team
373300,Sean Dyche,Manager Away Team
373300,Paul Tierney,Referee
373300,Matt Wilkes,Assistants
373300,Sian Massey,Assistants
373300,Michael Oliver,Fourth official
373293,Rafael Benítez,Manager Home Team
373293,Pep Guardiola,Manager Away Team
373293,Andre Marriner,Referee
373293,Scott Ledger,Assistants
373293,Richard West,Assistants
373293,Neil Swarbrick,Fourth official
373303,Rafael Benítez,Manager Home Team
373303,Chris Hughton,Manager Away Team
373303,Anthony Taylor,Referee
373303,Adam Nunn,Assistants
373303,Lee Betts,Assistants
373303,Michael Jones,Fourth official
373302,José Mourinho,Manager Home Team
373302,Mauricio Pellegrino,Manager Away Team
373302,Craig Pawson,Referee
373302,Peter Kirkup,Assistants
373302,Richard West,Assistants
373302,Robert Madley,Fourth official
373294,Mauricio Pochettino,Manager Home Team
373294,Mauricio Pellegrino,Manager Away Team
373294,Graham Scott,Referee
373294,Peter Kirkup,Assistants
373294,Constantine Hatzidakis,Assistants
373294,Craig Pawson,Fourth official
373287,Eddie Howe,Manager Home Team
373287,David Moyes,Manager Away Team
373287,Stuart Attwell,Referee
373287,Marc Perry,Assistants
373287,Simon Long,Assistants
373287,Michael Jones,Fourth official
373288,Antonio Conte,Manager Home Team
373288,Chris Hughton,Manager Away Team
373288,Mike Dean,Referee
373288,Ian Hussin,Assistants
373288,Daniel Cook,Assistants
373288,Lee Probert,Fourth official
373295,Marco Silva,Manager Home Team
373295,Claude Puel,Manager Away Team
373295,Chris Kavanagh,Referee
373295,Lee Betts,Assistants
373295,Sian Massey,Assistants
373295,Andre Marriner,Fourth official
373296,Alan Pardew,Manager Home Team
373296,Sam Allardyce,Manager Away Team
373296,Roger East,Referee
373296,Adam Nunn,Assistants
373296,Derek Eaton,Assistants
373296,Robert Madley,Fourth official
373290,David Wagner,Manager Home Team
373290,Mark Hughes,Manager Away Team
373290,Anthony Taylor,Referee
373290,Stuart Burt,Assistants
373290,Mick McDonough,Assistants
373290,Jonathan Moss,Fourth official
373292,José Mourinho,Manager Home Team
373292,Sean Dyche,Manager Away Team
373292,Martin Atkinson,Referee
373292,Stephen Child,Assistants
373292,Harry Lennard,Assistants
373292,Lee Mason,Fourth official
373291,Jürgen Klopp,Manager Home Team
373291,Leon Britton,Manager Away Team
373291,Kevin Friend,Referee
373291,Adrian Holmes,Assistants
373291,Mark Scholes,Assistants
373291,Paul Tierney,Fourth official
373278,Chris Hughton,Manager Home Team
373278,Marco Silva,Manager Away Team
373278,Paul Tierney,Referee
373278,Stuart Burt,Assistants
373278,Mark Scholes,Assistants
373278,Tim Robinson,Fourth official
373279,Sean Dyche,Manager Home Team
373279,Mauricio Pochettino,Manager Away Team
373279,Michael Oliver,Referee
373279,Simon Bennett,Assistants
373279,Daniel Cook,Assistants
373279,Graham Scott,Fourth official
373280,Sam Allardyce,Manager Home Team
373280,Antonio Conte,Manager Away Team
373280,Robert Madley,Referee
373280,Peter Kirkup,Assistants
373280,Marc Perry,Assistants
373280,Anthony Taylor,Fourth official
373283,Mauricio Pellegrino,Manager Home Team
373283,David Wagner,Manager Away Team
373283,Lee Probert,Referee
373283,Simon Beck,Assistants
373283,Andy Garratt,Assistants
373283,Keith Stroud,Fourth official
373285,Leon Britton,Manager Home Team
373285,Roy Hodgson,Manager Away Team
373285,Craig Pawson,Referee
373285,Lee Betts,Assistants
373285,Richard West,Assistants
373285,Kevin Friend,Fourth official
373282,Pep Guardiola,Manager Home Team
373282,Eddie Howe,Manager Away Team
373282,Michael Jones,Referee
373282,Ian Hussin,Assistants
373282,Derek Eaton,Assistants
373282,Mike Dean,Fourth official
373284,Mark Hughes,Manager Home Team
373284,Alan Pardew,Manager Away Team
373284,Neil Swarbrick,Referee
373284,Scott Ledger,Assistants
373284,Adrian Holmes,Assistants
373284,Chris Kavanagh,Fourth official
373286,David Moyes,Manager Home Team
373286,Rafael Benítez,Manager Away Team
373286,Lee Mason,Referee
373286,Harry Lennard,Assistants
373286,Constantine Hatzidakis,Assistants
373286,Stuart Attwell,Fourth official
373281,Claude Puel,Manager Home Team
373281,José Mourinho,Manager Away Team
373281,Jonathan Moss,Referee
373281,Edward Smart,Assistants
373281,Andy Halliday,Assistants
373281,Roger East,Fourth official
373277,Arsène Wenger,Manager Home Team
373277,Jürgen Klopp,Manager Away Team
373277,Martin Atkinson,Referee
373277,Stephen Child,Assistants
373277,Adam Nunn,Assistants
373277,Stuart Attwell,Fourth official
373276,Alan Pardew,Manager Home Team
373276,José Mourinho,Manager Away Team
373276,Anthony Taylor,Referee
373276,Stephen Child,Assistants
373276,Harry Lennard,Assistants
373276,Robert Madley,Fourth official
373271,Sam Allardyce,Manager Home Team
373271,Paul Clement,Manager Away Team
373271,Jonathan Moss,Referee
373271,Edward Smart,Assistants
373271,Andy Halliday,Assistants
373271,Neil Swarbrick,Fourth official
373272,Claude Puel,Manager Home Team
373272,Roy Hodgson,Manager Away Team
373272,Martin Atkinson,Referee
373272,Peter Kirkup,Assistants
373272,Adrian Holmes,Assistants
373272,Jonathan Moss,Fourth official
373268,Eddie Howe,Manager Home Team
373268,Jürgen Klopp,Manager Away Team
373268,Andre Marriner,Referee
373268,Simon Beck,Assistants
373268,Scott Ledger,Assistants
373268,Kevin Friend,Fourth official
373269,Chris Hughton,Manager Home Team
373269,Sean Dyche,Manager Away Team
373269,Chris Kavanagh,Referee
373269,Constantine Hatzidakis,Assistants
373269,Mick McDonough,Assistants
373269,Andre Marriner,Fourth official
373267,Arsène Wenger,Manager Home Team
373267,Rafael Benítez,Manager Away Team
373267,Stuart Attwell,Referee
373267,Simon Long,Assistants
373267,Matt Wilkes,Assistants
373267,Mike Dean,Fourth official
373270,Antonio Conte,Manager Home Team
373270,Mauricio Pellegrino,Manager Away Team
373270,Roger East,Referee
373270,Ian Hussin,Assistants
373270,Sian Massey,Assistants
373270,Robert Madley,Fourth official
373275,Marco Silva,Manager Home Team
373275,David Wagner,Manager Away Team
373275,Michael Oliver,Referee
373275,Simon Bennett,Assistants
373275,Daniel Cook,Assistants
373275,Paul Tierney,Fourth official
373274,Mark Hughes,Manager Home Team
373274,David Moyes,Manager Away Team
373274,Graham Scott,Referee
373274,Richard West,Assistants
373274,Marc Perry,Assistants
373274,Neil Swarbrick,Fourth official
373264,Rafael Benítez,Manager Home Team
373264,Sam Allardyce,Manager Away Team
373264,Martin Atkinson,Referee
373264,Stephen Child,Assistants
373264,Adrian Holmes,Assistants
373264,Andy Madley,Fourth official
373273,Pep Guardiola,Manager Home Team
373273,Mauricio Pochettino,Manager Away Team
373273,Craig Pawson,Referee
373273,Lee Betts,Assistants
373273,Adam Nunn,Assistants
373273,Lee Mason,Fourth official
373263,Jürgen Klopp,Manager Home Team
373263,Alan Pardew,Manager Away Team
373263,Paul Tierney,Referee
373263,Constantine Hatzidakis,Assistants
373263,Mick McDonough,Assistants
373263,Neil Swarbrick,Fourth official
373261,Paul Clement,Manager Home Team
373261,Pep Guardiola,Manager Away Team
373261,Anthony Taylor,Referee
373261,Lee Betts,Assistants
373261,Peter Kirkup,Assistants
373261,Lee Probert,Fourth official
373265,Mauricio Pellegrino,Manager Home Team
373265,Claude Puel,Manager Away Team
373265,Chris Kavanagh,Referee
373265,Gary Beswick,Assistants
373265,Sian Massey,Assistants
373265,Roger East,Fourth official
373260,José Mourinho,Manager Home Team
373260,Eddie Howe,Manager Away Team
373260,Graham Scott,Referee
373260,Adam Nunn,Assistants
373260,Richard West,Assistants
373260,Mike Dean,Fourth official
373262,David Moyes,Manager Home Team
373262,Arsène Wenger,Manager Away Team
373262,Jonathan Moss,Referee
373262,Edward Smart,Assistants
373262,Harry Lennard,Assistants
373262,Craig Pawson,Fourth official
373266,Mauricio Pochettino,Manager Home Team
373266,Chris Hughton,Manager Away Team
373266,Robert Madley,Referee
373266,Simon Bennett,Assistants
373266,Marc Perry,Assistants
373266,Kevin Friend,Fourth official
373257,Sean Dyche,Manager Home Team
373257,Mark Hughes,Manager Away Team
373257,Michael Jones,Referee
373257,Mark Scholes,Assistants
373257,Simon Long,Assistants
373257,Michael Oliver,Fourth official
373253,Mauricio Pellegrino,Manager Home Team
373253,Arsène Wenger,Manager Away Team
373253,Robert Madley,Referee
373253,Stephen Child,Assistants
373253,Marc Perry,Assistants
373253,Graham Scott,Fourth official
373258,Roy Hodgson,Manager Home Team
373258,Marco Silva,Manager Away Team
373258,Lee Mason,Referee
373258,Ian Hussin,Assistants
373258,Matt Wilkes,Assistants
373258,Simon Hooper,Fourth official
373250,Jürgen Klopp,Manager Home Team
373250,Sam Allardyce,Manager Away Team
373250,Craig Pawson,Referee
373250,Lee Betts,Assistants
373250,Adam Nunn,Assistants
373250,Martin Atkinson,Fourth official
373259,David Wagner,Manager Home Team
373259,Antonio Conte,Manager Away Team
373259,Andre Marriner,Referee
373259,Simon Beck,Assistants
373259,Scott Ledger,Assistants
373259,Paul Tierney,Fourth official
373251,José Mourinho,Manager Home Team
373251,Pep Guardiola,Manager Away Team
373251,Michael Oliver,Referee
373251,Gary Beswick,Assistants
373251,Simon Bennett,Assistants
373251,Jonathan Moss,Fourth official
373256,David Moyes,Manager Home Team
373256,Antonio Conte,Manager Away Team
373256,Anthony Taylor,Referee
373256,Peter Kirkup,Assistants
373256,Stuart Burt,Assistants
373256,Graham Scott,Fourth official
373254,Paul Clement,Manager Home Team
373254,Alan Pardew,Manager Away Team
373254,Mike Dean,Referee
373254,Simon Long,Assistants
373254,Daniel Cook,Assistants
373254,John Brooks,Fourth official
373255,Mauricio Pochettino,Manager Home Team
373255,Mark Hughes,Manager Away Team
373255,Roger East,Referee
373255,Adrian Holmes,Assistants
373255,Mick McDonough,Assistants
373255,Paul Tierney,Fourth official
373249,David Wagner,Manager Home Team
373249,Chris Hughton,Manager Away Team
373249,Stuart Attwell,Referee
373249,Edward Smart,Assistants
373249,Andy Halliday,Assistants
373249,Michael Jones,Fourth official
373248,Roy Hodgson,Manager Home Team
373248,Eddie Howe,Manager Away Team
373248,Kevin Friend,Referee
373248,Ian Hussin,Assistants
373248,Derek Eaton,Assistants
373248,Oliver Langford,Fourth official
373252,Rafael Benítez,Manager Home Team
373252,Claude Puel,Manager Away Team
373252,Neil Swarbrick,Referee
373252,Scott Ledger,Assistants
373252,Richard West,Assistants
373252,Lee Mason,Fourth official
373247,Sean Dyche,Manager Home Team
373247,Marco Silva,Manager Away Team
373247,Lee Probert,Referee
373247,Simon Beck,Assistants
373247,Andy Garratt,Assistants
373247,Andre Marriner,Fourth official
373238,Eddie Howe,Manager Home Team
373238,Mauricio Pellegrino,Manager Away Team
373238,Jonathan Moss,Referee
373238,Edward Smart,Assistants
373238,Harry Lennard,Assistants
373238,Roger East,Fourth official
373243,Pep Guardiola,Manager Home Team
373243,David Moyes,Manager Away Team
373243,Mike Dean,Referee
373243,Simon Long,Assistants
373243,Daniel Cook,Assistants
373243,Michael Jones,Fourth official
373240,Antonio Conte,Manager Home Team
373240,Rafael Benítez,Manager Away Team
373240,Kevin Friend,Referee
373240,Constantine Hatzidakis,Assistants
373240,Matt Wilkes,Assistants
373240,Roger East,Fourth official
373241,Sam Allardyce,Manager Home Team
373241,David Wagner,Manager Away Team
373241,Chris Kavanagh,Referee
373241,Gary Beswick,Assistants
373241,Mick McDonough,Assistants
373241,Mike Dean,Fourth official
373239,Chris Hughton,Manager Home Team
373239,Jürgen Klopp,Manager Away Team
373239,Graham Scott,Referee
373239,Peter Kirkup,Assistants
373239,Richard West,Assistants
373239,Stuart Attwell,Fourth official
373244,Mark Hughes,Manager Home Team
373244,Paul Clement,Manager Away Team
373244,Craig Pawson,Referee
373244,Adam Nunn,Assistants
373244,Ian Hussin,Assistants
373244,Neil Swarbrick,Fourth official
373242,Claude Puel,Manager Home Team
373242,Sean Dyche,Manager Away Team
373242,Paul Tierney,Referee
373242,Adrian Holmes,Assistants
373242,Andy Garratt,Assistants
373242,Lee Probert,Fourth official
373246,Alan Pardew,Manager Home Team
373246,Roy Hodgson,Manager Away Team
373246,Michael Oliver,Referee
373246,Simon Bennett,Assistants
373246,Stuart Burt,Assistants
373246,Lee Mason,Fourth official
373245,Marco Silva,Manager Home Team
373245,Mauricio Pochettino,Manager Away Team
373245,Martin Atkinson,Referee
373245,Lee Betts,Assistants
373245,Stephen Child,Assistants
373245,Darren England,Fourth official
373237,Arsène Wenger,Manager Home Team
373237,José Mourinho,Manager Away Team
373237,Andre Marriner,Referee
373237,Simon Beck,Assistants
373237,Scott Ledger,Assistants
373237,Anthony Taylor,Fourth official
373227,Arsène Wenger,Manager Home Team
373227,David Wagner,Manager Away Team
373227,Graham Scott,Referee
373227,Peter Kirkup,Assistants
373227,Constantine Hatzidakis,Assistants
373227,Kevin Friend,Fourth official
373228,Eddie Howe,Manager Home Team
373228,Sean Dyche,Manager Away Team
373228,Roger East,Referee
373228,Marc Perry,Assistants
373228,Sian Massey,Assistants
373228,Simon Hooper,Fourth official
373236,Mark Hughes,Manager Home Team
373236,Jürgen Klopp,Manager Away Team
373236,Martin Atkinson,Referee
373236,Lee Betts,Assistants
373236,Stephen Child,Assistants
373236,Chris Kavanagh,Fourth official
373233,Antonio Conte,Manager Home Team
373233,Paul Clement,Manager Away Team
373233,Neil Swarbrick,Referee
373233,Richard West,Assistants
373233,Matt Wilkes,Assistants
373233,Lee Mason,Fourth official
373229,Chris Hughton,Manager Home Team
373229,Roy Hodgson,Manager Away Team
373229,Andre Marriner,Referee
373229,Scott Ledger,Assistants
373229,Simon Beck,Assistants
373229,Michael Jones,Fourth official
373235,Pep Guardiola,Manager Home Team
373235,Mauricio Pellegrino,Manager Away Team
373235,Paul Tierney,Referee
373235,Adrian Holmes,Assistants
373235,Mick McDonough,Assistants
373235,Robert Madley,Fourth official
373234,David Unsworth,Manager Home Team
373234,David Moyes,Manager Away Team
373234,Michael Oliver,Referee
373234,Simon Bennett,Assistants
373234,Stuart Burt,Assistants
373234,Craig Pawson,Fourth official
373230,Claude Puel,Manager Home Team
373230,Mauricio Pochettino,Manager Away Team
373230,Anthony Taylor,Referee
373230,Gary Beswick,Assistants
373230,Adam Nunn,Assistants
373230,Chris Kavanagh,Fourth official
373232,Gary Megson,Manager Home Team
373232,Rafael Benítez,Manager Away Team
373232,Lee Probert,Referee
373232,Andy Garratt,Assistants
373232,Daniel Cook,Assistants
373232,Mike Dean,Fourth official
373231,Marco Silva,Manager Home Team
373231,José Mourinho,Manager Away Team
373231,Jonathan Moss,Referee
373231,Edward Smart,Assistants
373231,Andy Halliday,Assistants
373231,Stuart Attwell,Fourth official
373223,Mauricio Pellegrino,Manager Home Team
373223,David Unsworth,Manager Away Team
373223,Kevin Friend,Referee
373223,Simon Beck,Assistants
373223,Mark Scholes,Assistants
373223,Lee Probert,Fourth official
373218,Roy Hodgson,Manager Home Team
373218,Mark Hughes,Manager Away Team
373218,Mike Dean,Referee
373218,Simon Long,Assistants
373218,Daniel Cook,Assistants
373218,Roger East,Fourth official
373217,Sean Dyche,Manager Home Team
373217,Arsène Wenger,Manager Away Team
373217,Lee Mason,Referee
373217,Harry Lennard,Assistants
373217,Matt Wilkes,Assistants
373217,Jonathan Moss,Fourth official
373219,David Wagner,Manager Home Team
373219,Pep Guardiola,Manager Away Team
373219,Craig Pawson,Referee
373219,Lee Betts,Assistants
373219,Ian Hussin,Assistants
373219,Neil Swarbrick,Fourth official
373224,Paul Clement,Manager Home Team
373224,Eddie Howe,Manager Away Team
373224,Stuart Attwell,Referee
373224,Adam Nunn,Assistants
373224,Edward Smart,Assistants
373224,Graham Scott,Fourth official
373225,Mauricio Pochettino,Manager Home Team
373225,Gary Megson,Manager Away Team
373225,Michael Jones,Referee
373225,Scott Ledger,Assistants
373225,Derek Eaton,Assistants
373225,Peter Bankes,Fourth official
373221,José Mourinho,Manager Home Team
373221,Chris Hughton,Manager Away Team
373221,Neil Swarbrick,Referee
373221,Richard West,Assistants
373221,Marc Perry,Assistants
373221,Andre Marriner,Fourth official
373222,Rafael Benítez,Manager Home Team
373222,Marco Silva,Manager Away Team
373222,Chris Kavanagh,Referee
373222,Stuart Burt,Assistants
373222,Andy Halliday,Assistants
373222,Anthony Taylor,Fourth official
373220,Jürgen Klopp,Manager Home Team
373220,Antonio Conte,Manager Away Team
373220,Michael Oliver,Referee
373220,Gary Beswick,Assistants
373220,Simon Bennett,Assistants
373220,Craig Pawson,Fourth official
373209,Chris Hughton,Manager Home Team
373209,Mark Hughes,Manager Away Team
373209,Lee Mason,Referee
373209,Adrian Holmes,Assistants
373209,Matt Wilkes,Assistants
373209,Kevin Friend,Fourth official
373226,David Moyes,Manager Home Team
373226,Claude Puel,Manager Away Team
373226,Martin Atkinson,Referee
373226,Peter Kirkup,Assistants
373226,Constantine Hatzidakis,Assistants
373226,Jonathan Moss,Fourth official
373215,Marco Silva,Manager Home Team
373215,David Moyes,Manager Away Team
373215,Andre Marriner,Referee
373215,Simon Beck,Assistants
373215,Simon Long,Assistants
373215,Stuart Attwell,Fourth official
373210,Sean Dyche,Manager Home Team
373210,Paul Clement,Manager Away Team
373210,Martin Atkinson,Referee
373210,Stephen Child,Assistants
373210,Peter Kirkup,Assistants
373210,Lee Mason,Fourth official
373208,Eddie Howe,Manager Home Team
373208,David Wagner,Manager Away Team
373208,Lee Probert,Referee
373208,Andy Garratt,Assistants
373208,Derek Eaton,Assistants
373208,Steve Martin,Fourth official
373211,Roy Hodgson,Manager Home Team
373211,David Unsworth,Manager Away Team
373211,Anthony Taylor,Referee
373211,Gary Beswick,Assistants
373211,Adam Nunn,Assistants
373211,Andre Marriner,Fourth official
373207,Arsène Wenger,Manager Home Team
373207,Mauricio Pochettino,Manager Away Team
373207,Mike Dean,Referee
373207,Ian Hussin,Assistants
373207,Edward Smart,Assistants
373207,Kevin Friend,Fourth official
373212,Claude Puel,Manager Home Team
373212,Pep Guardiola,Manager Away Team
373212,Graham Scott,Referee
373212,Richard West,Assistants
373212,Scott Ledger,Assistants
373212,Neil Swarbrick,Fourth official
373213,Jürgen Klopp,Manager Home Team
373213,Mauricio Pellegrino,Manager Away Team
373213,Michael Jones,Referee
373213,Harry Lennard,Assistants
373213,Mark Scholes,Assistants
373213,Michael Oliver,Fourth official
373216,Tony Pulis,Manager Home Team
373216,Antonio Conte,Manager Away Team
373216,Jonathan Moss,Referee
373216,Simon Bennett,Assistants
373216,Andy Halliday,Assistants
373216,Geoff Eltringham,Fourth official
373214,José Mourinho,Manager Home Team
373214,Rafael Benítez,Manager Away Team
373214,Craig Pawson,Referee
373214,Lee Betts,Assistants
373214,Constantine Hatzidakis,Assistants
373214,Paul Tierney,Fourth official
373205,Mauricio Pochettino,Manager Home Team
373205,Roy Hodgson,Manager Away Team
373205,Kevin Friend,Referee
373205,Simon Long,Assistants
373205,Adrian Holmes,Assistants
373205,Michael Jones,Fourth official
373197,Antonio Conte,Manager Home Team
373197,José Mourinho,Manager Away Team
373197,Anthony Taylor,Referee
373197,Gary Beswick,Assistants
373197,Adam Nunn,Assistants
373197,Craig Pawson,Fourth official
373200,Pep Guardiola,Manager Home Team
373200,Arsène Wenger,Manager Away Team
373200,Michael Oliver,Referee
373200,Simon Bennett,Assistants
373200,Stuart Burt,Assistants
373200,Andre Marriner,Fourth official
373198,David Unsworth,Manager Home Team
373198,Marco Silva,Manager Away Team
373198,Graham Scott,Referee
373198,Richard West,Assistants
373198,Mick McDonough,Assistants
373198,Martin Atkinson,Fourth official
373203,Mark Hughes,Manager Home Team
373203,Claude Puel,Manager Away Team
373203,Robert Madley,Referee
373203,Lee Betts,Assistants
373203,Marc Perry,Assistants
373203,Jonathan Moss,Fourth official
373199,David Wagner,Manager Home Team
373199,Tony Pulis,Manager Away Team
373199,Roger East,Referee
373199,Constantine Hatzidakis,Assistants
373199,Rob Ellis,Assistants
373199,Lee Mason,Fourth official
373202,Mauricio Pellegrino,Manager Home Team
373202,Sean Dyche,Manager Away Team
373202,Lee Probert,Referee
373202,Simon Beck,Assistants
373202,Andy Garratt,Assistants
373202,Kevin Friend,Fourth official
373201,Rafael Benítez,Manager Home Team
373201,Eddie Howe,Manager Away Team
373201,Paul Tierney,Referee
373201,Scott Ledger,Assistants
373201,Harry Lennard,Assistants
373201,Martin Atkinson,Fourth official
373204,Paul Clement,Manager Home Team
373204,Chris Hughton,Manager Away Team
373204,Mike Dean,Referee
373204,Ian Hussin,Assistants
373204,Derek Eaton,Assistants
373204,Simon Hooper,Fourth official
373206,Slaven Bilic,Manager Home Team
373206,Jürgen Klopp,Manager Away Team
373206,Neil Swarbrick,Referee
373206,Stephen Child,Assistants
373206,Edward Smart,Assistants
373206,Craig Pawson,Fourth official
373192,Claude Puel,Manager Home Team
373192,David Unsworth,Manager Away Team
373192,Andre Marriner,Referee
373192,Simon Beck,Assistants
373192,Sian Massey,Assistants
373192,Michael Jones,Fourth official
373190,Sean Dyche,Manager Home Team
373190,Rafael Benítez,Manager Away Team
373190,Mike Dean,Referee
373190,Simon Long,Assistants
373190,Ian Hussin,Assistants
373190,Lee Mason,Fourth official
373194,José Mourinho,Manager Home Team
373194,Mauricio Pochettino,Manager Away Team
373194,Jonathan Moss,Referee
373194,Simon Bennett,Assistants
373194,Andy Halliday,Assistants
373194,Stuart Attwell,Fourth official
373189,Chris Hughton,Manager Home Team
373189,Mauricio Pellegrino,Manager Away Team
373189,Neil Swarbrick,Referee
373189,Constantine Hatzidakis,Assistants
373189,Scott Ledger,Assistants
373189,Roger East,Fourth official
373191,Roy Hodgson,Manager Home Team
373191,Slaven Bilic,Manager Away Team
373191,Robert Madley,Referee
373191,Marc Perry,Assistants
373191,Adrian Holmes,Assistants
373191,James Linington,Fourth official
373187,Arsène Wenger,Manager Home Team
373187,Paul Clement,Manager Away Team
373187,Lee Mason,Referee
373187,Harry Lennard,Assistants
373187,Derek Eaton,Assistants
373187,Lee Probert,Fourth official
373193,Jürgen Klopp,Manager Home Team
373193,David Wagner,Manager Away Team
373193,Kevin Friend,Referee
373193,Richard West,Assistants
373193,Mark Scholes,Assistants
373193,Mike Dean,Fourth official
373195,Marco Silva,Manager Home Team
373195,Mark Hughes,Manager Away Team
373195,Michael Oliver,Referee
373195,Stuart Burt,Assistants
373195,Andy Garratt,Assistants
373195,Chris Kavanagh,Fourth official
373188,Eddie Howe,Manager Home Team
373188,Antonio Conte,Manager Away Team
373188,Craig Pawson,Referee
373188,Lee Betts,Assistants
373188,Edward Smart,Assistants
373188,Roger East,Fourth official
373196,Tony Pulis,Manager Home Team
373196,Pep Guardiola,Manager Away Team
373196,Michael Jones,Referee
373196,Matt Wilkes,Assistants
373196,Mick McDonough,Assistants
373196,Tim Robinson,Fourth official
373178,Ronald Koeman,Manager Home Team
373178,Arsène Wenger,Manager Away Team
373178,Craig Pawson,Referee
373178,Lee Betts,Assistants
373178,Edward Smart,Assistants
373178,Robert Madley,Fourth official
373185,Mauricio Pochettino,Manager Home Team
373185,Jürgen Klopp,Manager Away Team
373185,Andre Marriner,Referee
373185,Simon Beck,Assistants
373185,Scott Ledger,Assistants
373185,Michael Jones,Fourth official
373184,Paul Clement,Manager Home Team
373184,Michael Appleton,Manager Away Team
373184,Michael Oliver,Referee
373184,Stuart Burt,Assistants
373184,Mick McDonough,Assistants
373184,Andy Davies,Fourth official
373183,Mark Hughes,Manager Home Team
373183,Eddie Howe,Manager Away Team
373183,Lee Probert,Referee
373183,Adrian Holmes,Assistants
373183,Derek Eaton,Assistants
373183,Jeremy Simpson,Fourth official
373177,Antonio Conte,Manager Home Team
373177,Marco Silva,Manager Away Team
373177,Jonathan Moss,Referee
373177,Simon Bennett,Assistants
373177,Andy Halliday,Assistants
373177,Andre Marriner,Fourth official
373181,Rafael Benítez,Manager Home Team
373181,Roy Hodgson,Manager Away Team
373181,Stuart Attwell,Referee
373181,Simon Long,Assistants
373181,Andy Garratt,Assistants
373181,Mike Dean,Fourth official
373180,Pep Guardiola,Manager Home Team
373180,Sean Dyche,Manager Away Team
373180,Roger East,Referee
373180,Constantine Hatzidakis,Assistants
373180,Sian Massey,Assistants
373180,Robert Madley,Fourth official
373179,David Wagner,Manager Home Team
373179,José Mourinho,Manager Away Team
373179,Lee Mason,Referee
373179,Harry Lennard,Assistants
373179,Matt Wilkes,Assistants
373179,Kevin Friend,Fourth official
373182,Mauricio Pellegrino,Manager Home Team
373182,Tony Pulis,Manager Away Team
373182,Graham Scott,Referee
373182,Richard West,Assistants
373182,Mark Scholes,Assistants
373182,Neil Swarbrick,Fourth official
373186,Slaven Bilic,Manager Home Team
373186,Chris Hughton,Manager Away Team
373186,Martin Atkinson,Referee
373186,Peter Kirkup,Assistants
373186,Stephen Child,Assistants
373186,Neil Swarbrick,Fourth official
373170,Craig Shakespeare,Manager Home Team
373170,Tony Pulis,Manager Away Team
373170,Mike Dean,Referee
373170,Simon Long,Assistants
373170,Harry Lennard,Assistants
373170,Paul Tierney,Fourth official
373173,Mauricio Pellegrino,Manager Home Team
373173,Rafael Benítez,Manager Away Team
373173,Kevin Friend,Referee
373173,Constantine Hatzidakis,Assistants
373173,Matt Wilkes,Assistants
373173,Roger East,Fourth official
373172,Pep Guardiola,Manager Home Team
373172,Mark Hughes,Manager Away Team
373172,Craig Pawson,Referee
373172,Ian Hussin,Assistants
373172,Andy Garratt,Assistants
373172,Andy Madley,Fourth official
373167,Chris Hughton,Manager Home Team
373167,Ronald Koeman,Manager Away Team
373167,Michael Oliver,Referee
373167,Simon Bennett,Assistants
373167,Stuart Burt,Assistants
373167,Chris Kavanagh,Fourth official
373168,Sean Dyche,Manager Home Team
373168,Slaven Bilic,Manager Away Team
373168,Stuart Attwell,Referee
373168,Edward Smart,Assistants
373168,Mick McDonough,Assistants
373168,Mike Dean,Fourth official
373169,Roy Hodgson,Manager Home Team
373169,Antonio Conte,Manager Away Team
373169,Andre Marriner,Referee
373169,Simon Beck,Assistants
373169,Sian Massey,Assistants
373169,Roger East,Fourth official
373171,Jürgen Klopp,Manager Home Team
373171,José Mourinho,Manager Away Team
373171,Martin Atkinson,Referee
373171,Lee Betts,Assistants
373171,Stephen Child,Assistants
373171,Jonathan Moss,Fourth official
373174,Paul Clement,Manager Home Team
373174,David Wagner,Manager Away Team
373174,Paul Tierney,Referee
373174,Daniel Cook,Assistants
373174,Mark Scholes,Assistants
373174,Michael Jones,Fourth official
373176,Marco Silva,Manager Home Team
373176,Arsène Wenger,Manager Away Team
373176,Neil Swarbrick,Referee
373176,Scott Ledger,Assistants
373176,Adrian Holmes,Assistants
373176,Graham Scott,Fourth official
373175,Mauricio Pochettino,Manager Home Team
373175,Eddie Howe,Manager Away Team
373175,Robert Madley,Referee
373175,Peter Kirkup,Assistants
373175,Marc Perry,Assistants
373175,Chris Kavanagh,Fourth official
373157,Arsène Wenger,Manager Home Team
373157,Chris Hughton,Manager Away Team
373157,Kevin Friend,Referee
373157,Stuart Burt,Assistants
373157,Ian Hussin,Assistants
373157,Roger East,Fourth official
373160,Ronald Koeman,Manager Home Team
373160,Sean Dyche,Manager Away Team
373160,Jonathan Moss,Referee
373160,Edward Smart,Assistants
373160,Andy Halliday,Assistants
373160,Chris Kavanagh,Fourth official
373163,Rafael Benítez,Manager Home Team
373163,Jürgen Klopp,Manager Away Team
373163,Craig Pawson,Referee
373163,Scott Ledger,Assistants
373163,Constantine Hatzidakis,Assistants
373163,Robert Madley,Fourth official
373161,David Wagner,Manager Home Team
373161,Mauricio Pochettino,Manager Away Team
373161,Neil Swarbrick,Referee
373161,Richard West,Assistants
373161,Adrian Holmes,Assistants
373161,Lee Mason,Fourth official
373158,Eddie Howe,Manager Home Team
373158,Craig Shakespeare,Manager Away Team
373158,Graham Scott,Referee
373158,Andy Garratt,Assistants
373158,Daniel Cook,Assistants
373158,Keith Stroud,Fourth official
373162,José Mourinho,Manager Home Team
373162,Roy Hodgson,Manager Away Team
373162,Mike Dean,Referee
373162,Simon Long,Assistants
373162,Matt Wilkes,Assistants
373162,Stuart Attwell,Fourth official
373164,Mark Hughes,Manager Home Team
373164,Mauricio Pellegrino,Manager Away Team
373164,Michael Jones,Referee
373164,Simon Beck,Assistants
373164,Derek Eaton,Assistants
373164,Robert Madley,Fourth official
373165,Tony Pulis,Manager Home Team
373165,Marco Silva,Manager Away Team
373165,Michael Oliver,Referee
373165,Simon Bennett,Assistants
373165,Mick McDonough,Assistants
373165,Geoff Eltringham,Fourth official
373159,Antonio Conte,Manager Home Team
373159,Pep Guardiola,Manager Away Team
373159,Martin Atkinson,Referee
373159,Lee Betts,Assistants
373159,Stephen Child,Assistants
373159,Andre Marriner,Fourth official
373166,Slaven Bilic,Manager Home Team
373166,Paul Clement,Manager Away Team
373166,Roger East,Referee
373166,Mark Scholes,Assistants
373166,Sian Massey,Assistants
373166,Kevin Friend,Fourth official
373156,Slaven Bilic,Manager Home Team
373156,Mauricio Pochettino,Manager Away Team
373156,Michael Oliver,Referee
373156,Simon Bennett,Assistants
373156,Stuart Burt,Assistants
373156,Andre Marriner,Fourth official
373147,Arsène Wenger,Manager Home Team
373147,Tony Pulis,Manager Away Team
373147,Robert Madley,Referee
373147,Lee Betts,Assistants
373147,Marc Perry,Assistants
373147,Stuart Attwell,Fourth official
373148,Chris Hughton,Manager Home Team
373148,Rafael Benítez,Manager Away Team
373148,Andre Marriner,Referee
373148,Simon Beck,Assistants
373148,Richard West,Assistants
373148,Craig Pawson,Fourth official
373149,Sean Dyche,Manager Home Team
373149,David Wagner,Manager Away Team
373149,Chris Kavanagh,Referee
373149,Peter Kirkup,Assistants
373149,Sian Massey,Assistants
373149,Graham Scott,Fourth official
373150,Ronald Koeman,Manager Home Team
373150,Eddie Howe,Manager Away Team
373150,Martin Atkinson,Referee
373150,Stephen Child,Assistants
373150,Adrian Holmes,Assistants
373150,Jonathan Moss,Fourth official
373153,Mauricio Pellegrino,Manager Home Team
373153,José Mourinho,Manager Away Team
373153,Craig Pawson,Referee
373153,Ian Hussin,Assistants
373153,Constantine Hatzidakis,Assistants
373153,Michael Jones,Fourth official
373152,Pep Guardiola,Manager Home Team
373152,Roy Hodgson,Manager Away Team
373152,Neil Swarbrick,Referee
373152,Scott Ledger,Assistants
373152,Andy Garratt,Assistants
373152,Tony Harrington,Fourth official
373154,Mark Hughes,Manager Home Team
373154,Antonio Conte,Manager Away Team
373154,Mike Dean,Referee
373154,Simon Long,Assistants
373154,Daniel Cook,Assistants
373154,Paul Tierney,Fourth official
373138,Antonio Conte,Manager Home Team
373138,Arsène Wenger,Manager Away Team
373138,Michael Oliver,Referee
373138,Simon Bennett,Assistants
373138,Stuart Burt,Assistants
373138,Neil Swarbrick,Fourth official
373151,Craig Shakespeare,Manager Home Team
373151,Jürgen Klopp,Manager Away Team
373151,Anthony Taylor,Referee
373151,Gary Beswick,Assistants
373151,Adam Nunn,Assistants
373151,Robert Madley,Fourth official
373139,Roy Hodgson,Manager Home Team
373139,Mauricio Pellegrino,Manager Away Team
373139,Robert Madley,Referee
373139,Lee Betts,Assistants
373139,Marc Perry,Assistants
373139,Graham Scott,Fourth official
373155,Paul Clement,Manager Home Team
373155,Marco Silva,Manager Away Team
373155,Lee Mason,Referee
373155,Harry Lennard,Assistants
373155,Matt Wilkes,Assistants
373155,James Linington,Fourth official
373142,José Mourinho,Manager Home Team
373142,Ronald Koeman,Manager Away Team
373142,Andre Marriner,Referee
373142,Simon Beck,Assistants
373142,Andy Halliday,Assistants
373142,Jonathan Moss,Fourth official
373140,David Wagner,Manager Home Team
373140,Craig Shakespeare,Manager Away Team
373140,Jonathan Moss,Referee
373140,Adrian Holmes,Assistants
373140,Scott Ledger,Assistants
373140,Oliver Langford,Fourth official
373143,Rafael Benítez,Manager Home Team
373143,Mark Hughes,Manager Away Team
373143,Stuart Attwell,Referee
373143,Stephen Child,Assistants
373143,Matt Wilkes,Assistants
373143,Lee Mason,Fourth official
373141,Jürgen Klopp,Manager Home Team
373141,Sean Dyche,Manager Away Team
373141,Roger East,Referee
373141,Harry Lennard,Assistants
373141,Mick McDonough,Assistants
373141,Michael Jones,Fourth official
373145,Marco Silva,Manager Home Team
373145,Pep Guardiola,Manager Away Team
373145,Andy Taylor,Referee
373145,Gary Beswick,Assistants
373145,Adam Nunn,Assistants
373145,Neil Swarbrick,Fourth official
373144,Mauricio Pochettino,Manager Home Team
373144,Paul Clement,Manager Away Team
373144,Mike Dean,Referee
373144,Darren Cann,Assistants
373144,Ian Hussin,Assistants
373144,Kevin Friend,Fourth official
373137,Eddie Howe,Manager Home Team
373137,Chris Hughton,Manager Away Team
373137,Craig Pawson,Referee
373137,Richard West,Assistants
373137,Constantine Hatzidakis,Assistants
373137,Chris Kavanagh,Fourth official
373136,Slaven Bilic,Manager Home Team
373136,David Wagner,Manager Away Team
373136,Kevin Friend,Referee
373136,Ian Hussin,Assistants
373136,Constantine Hatzidakis,Assistants
373136,Mike Dean,Fourth official
373146,Tony Pulis,Manager Home Team
373146,Slaven Bilic,Manager Away Team
373146,Paul Tierney,Referee
373146,Simon Long,Assistants
373146,Derek Eaton,Assistants
373146,Andy Davies,Fourth official
373135,Paul Clement,Manager Home Team
373135,Rafael Benítez,Manager Away Team
373135,Michael Jones,Referee
373135,Adrian Holmes,Assistants
373135,Mark Scholes,Assistants
373135,Robert Madley,Fourth official
373132,Pep Guardiola,Manager Home Team
373132,Jürgen Klopp,Manager Away Team
373132,Jonathan Moss,Referee
373132,Edward Smart,Assistants
373132,Andy Halliday,Assistants
373132,Craig Pawson,Fourth official
373129,Sean Dyche,Manager Home Team
373129,Frank de Boer,Manager Away Team
373129,Michael Oliver,Referee
373129,Simon Bennett,Assistants
373129,Stuart Burt,Assistants
373129,Craig Pawson,Fourth official
373127,Arsène Wenger,Manager Home Team
373127,Eddie Howe,Manager Away Team
373127,Anthony Taylor,Referee
373127,Gary Beswick,Assistants
373127,Adam Nunn,Assistants
373127,Darren England,Fourth official
373133,Mauricio Pellegrino,Manager Home Team
373133,Marco Silva,Manager Away Team
373133,Lee Probert,Referee
373133,Andy Garratt,Assistants
373133,Daniel Cook,Assistants
373133,Tim Robinson,Fourth official
373131,Craig Shakespeare,Manager Home Team
373131,Antonio Conte,Manager Away Team
373131,Lee Mason,Referee
373131,Harry Lennard,Assistants
373131,Matt Wilkes,Assistants
373131,Roger East,Fourth official
373128,Chris Hughton,Manager Home Team
373128,Tony Pulis,Manager Away Team
373128,Chris Kavanagh,Referee
373128,Peter Kirkup,Assistants
373128,Sian Massey,Assistants
373128,Andre Marriner,Fourth official
373130,Ronald Koeman,Manager Home Team
373130,Mauricio Pochettino,Manager Away Team
373130,Graham Scott,Referee
373130,Richard West,Assistants
373130,Simon Long,Assistants
373130,Kevin Friend,Fourth official
373134,Mark Hughes,Manager Home Team
373134,José Mourinho,Manager Away Team
373134,Neil Swarbrick,Referee
373134,Darren Cann,Assistants
373134,Scott Ledger,Assistants
373134,Stuart Attwell,Fourth official
373121,Jürgen Klopp,Manager Home Team
373121,Arsène Wenger,Manager Away Team
373121,Martin Atkinson,Referee
373121,Adam Nunn,Assistants
373121,Stephen Child,Assistants
373121,Craig Pawson,Fourth official
373118,Antonio Conte,Manager Home Team
373118,Ronald Koeman,Manager Away Team
373118,Jonathan Moss,Referee
373118,Edward Smart,Assistants
373118,Andy Halliday,Assistants
373118,Andre Marriner,Fourth official
373126,Tony Pulis,Manager Home Team
373126,Mark Hughes,Manager Away Team
373126,Anthony Taylor,Referee
373126,Gary Beswick,Assistants
373126,Lee Betts,Assistants
373126,Kevin Friend,Fourth official
373124,Mauricio Pochettino,Manager Home Team
373124,Sean Dyche,Manager Away Team
373124,Lee Mason,Referee
373124,Harry Lennard,Assistants
373124,Matt Wilkes,Assistants
373124,Robert Madley,Fourth official
373123,Rafael Benítez,Manager Home Team
373123,Slaven Bilic,Manager Away Team
373123,Neil Swarbrick,Referee
373123,Darren Cann,Assistants
373123,Scott Ledger,Assistants
373123,Michael Jones,Fourth official
373120,David Wagner,Manager Home Team
373120,Mauricio Pellegrino,Manager Away Team
373120,Stuart Attwell,Referee
373120,Peter Kirkup,Assistants
373120,Marc Perry,Assistants
373120,Geoff Eltringham,Fourth official
373125,Marco Silva,Manager Home Team
373125,Chris Hughton,Manager Away Team
373125,Graham Scott,Referee
373125,Richard West,Assistants
373125,Derek Eaton,Assistants
373125,Robert Madley,Fourth official
373117,Eddie Howe,Manager Home Team
373117,Pep Guardiola,Manager Away Team
373117,Mike Dean,Referee
373117,Simon Long,Assistants
373117,Ian Hussin,Assistants
373117,Lee Probert,Fourth official
373119,Frank de Boer,Manager Home Team
373119,Paul Clement,Manager Away Team
373119,Andre Marriner,Referee
373119,Simon Beck,Assistants
373119,Mick McDonough,Assistants
373119,Kevin Friend,Fourth official
373122,José Mourinho,Manager Home Team
373122,Craig Shakespeare,Manager Away Team
373122,Michael Oliver,Referee
373122,Simon Bennett,Assistants
373122,Constantine Hatzidakis,Assistants
373122,Craig Pawson,Fourth official
373112,Pep Guardiola,Manager Home Team
373112,Ronald Koeman,Manager Away Team
373112,Robert Madley,Referee
373112,Marc Perry,Assistants
373112,Lee Betts,Assistants
373112,Michael Oliver,Fourth official
373109,David Wagner,Manager Home Team
373109,Rafael Benítez,Manager Away Team
373109,Craig Pawson,Referee
373109,Simon Bennett,Assistants
373109,Richard West,Assistants
373109,Chris Kavanagh,Fourth official
373107,Eddie Howe,Manager Home Team
373107,Marco Silva,Manager Away Team
373107,Roger East,Referee
373107,Mark Scholes,Assistants
373107,Sian Massey,Assistants
373107,Chris Sarginson,Fourth official
373114,Paul Clement,Manager Home Team
373114,José Mourinho,Manager Away Team
373114,Jonathan Moss,Referee
373114,Edward Smart,Assistants
373114,Andy Halliday,Assistants
373114,Michael Jones,Fourth official
373108,Sean Dyche,Manager Home Team
373108,Tony Pulis,Manager Away Team
373108,Martin Atkinson,Referee
373108,Peter Kirkup,Assistants
373108,Stephen Child,Assistants
373108,Chris Kavanagh,Fourth official
373111,Jürgen Klopp,Manager Home Team
373111,Frank de Boer,Manager Away Team
373111,Kevin Friend,Referee
373111,Adrian Holmes,Assistants
373111,Harry Lennard,Assistants
373111,Mike Dean,Fourth official
373115,Mauricio Pochettino,Manager Home Team
373115,Antonio Conte,Manager Away Team
373115,Anthony Taylor,Referee
373115,Gary Beswick,Assistants
373115,Adam Nunn,Assistants
373115,Mike Dean,Fourth official
373110,Craig Shakespeare,Manager Home Team
373110,Chris Hughton,Manager Away Team
373110,Lee Probert,Referee
373110,Andy Garratt,Assistants
373110,Daniel Cook,Assistants
373110,Craig Pawson,Fourth official
373113,Mark Hughes,Manager Home Team
373113,Arsène Wenger,Manager Away Team
373113,Andre Marriner,Referee
373113,Simon Beck,Assistants
373113,Scott Ledger,Assistants
373113,Robert Madley,Fourth official
373414,Mauricio Pellegrino,Manager Home Team
373414,Slaven Bilic,Manager Away Team
373414,Lee Mason,Referee
373414,Constantine Hatzidakis,Assistants
373414,Matt Wilkes,Assistants
373414,Neil Swarbrick,Fourth official
373103,Rafael Benítez,Manager Home Team
373103,Mauricio Pochettino,Manager Away Team
373103,Andre Marriner,Referee
373103,Simon Beck,Assistants
373103,Scott Ledger,Assistants
373103,Kevin Friend,Fourth official
373099,Antonio Conte,Manager Home Team
373099,Sean Dyche,Manager Away Team
373099,Craig Pawson,Referee
373099,Richard West,Assistants
373099,Lee Betts,Assistants
373099,Lee Mason,Fourth official
373105,Marco Silva,Manager Home Team
373105,Jürgen Klopp,Manager Away Team
373105,Anthony Taylor,Referee
373105,Gary Beswick,Assistants
373105,Peter Kirkup,Assistants
373105,Paul Tierney,Fourth official
373102,José Mourinho,Manager Home Team
373102,Slaven Bilic,Manager Away Team
373102,Martin Atkinson,Referee
373102,Stephen Child,Assistants
373102,Adam Nunn,Assistants
373102,Neil Swarbrick,Fourth official
373100,Frank de Boer,Manager Home Team
373100,David Wagner,Manager Away Team
373100,Jonathan Moss,Referee
373100,Edward Smart,Assistants
373100,Andy Halliday,Assistants
373100,Graham Scott,Fourth official
373106,Tony Pulis,Manager Home Team
373106,Eddie Howe,Manager Away Team
373106,Robert Madley,Referee
373106,Marc Perry,Assistants
373106,Adrian Holmes,Assistants
373106,Roger East,Fourth official
373104,Mauricio Pellegrino,Manager Home Team
373104,Paul Clement,Manager Away Team
373104,Michael Jones,Referee
373104,Mark Scholes,Assistants
373104,Derek Eaton,Assistants
373104,Steve Martin,Fourth official
373098,Chris Hughton,Manager Home Team
373098,Pep Guardiola,Manager Away Team
373098,Michael Oliver,Referee
373098,Simon Bennett,Assistants
373098,Constantine Hatzidakis,Assistants
373098,Stuart Attwell,Fourth official
373101,Ronald Koeman,Manager Home Team
373101,Mark Hughes,Manager Away Team
373101,Neil Swarbrick,Referee
373101,Harry Lennard,Assistants
373101,Mick McDonough,Assistants
373101,Oliver Langford,Fourth official
373097,Arsène Wenger,Manager Home Team
373097,Craig Shakespeare,Manager Away Team
373097,Mike Dean,Referee
373097,Simon Long,Assistants
373097,Darren Cann,Assistants
373097,Lee Mason,Fourth official
373325,Marco Silva,Manager Home Team
373325,Mauricio Pellegrino,Manager Away Team
373325,Roger East,Referee
373325,Ian Hussin,Assistants
373325,Derek Eaton,Assistants
373325,Anthony Taylor,Fourth official
