match_id,stadium,attendance,is_home_team,team,possessions,total_shots,on_target,off_target,blocked,passing,clear_cut_chance,corners,offsides,tackles,aerial_duels,saves,fouls_committed,fouls_won,yellow_cards,red_cards
408351,Emirates Stadium,,True,Arsenal,51.1,13,5,4,4,83.3,1,4,1,57.1,37.8,4,9,12,3,0
408351,Emirates Stadium,,False,Watford,48.9,19,6,7,6,83.7,5,8,3,71.4,62.2,2,12,9,3,0
408352,Turf Moor,,True,Burnley,54.2,13,2,8,3,74.9,3,6,3,55,39,2,11,10,3,0
408352,Turf Moor,,False,Brighton and Hove Albion,45.8,15,4,6,5,77.5,2,7,2,66.7,61,1,11,11,0,0
408353,Stamford Bridge,,True,Chelsea,62.9,11,3,5,3,82.8,1,3,3,63.3,44.7,1,10,16,2,0
408353,Stamford Bridge,,False,Wolverhampton Wanderers,37.1,5,1,1,3,69.2,0,3,1,72.7,55.3,1,16,9,3,0
408354,Selhurst Park,,True,Crystal Palace,47.2,13,2,9,2,79.9,1,7,1,54.5,56.7,1,11,13,3,0
408354,Selhurst Park,,False,Tottenham Hotspur,52.8,7,2,3,2,83,0,2,0,80.8,43.3,1,13,11,2,0
408355,Goodison Park,,True,Everton,70,13,5,5,3,85.7,2,2,0,61.5,48.8,4,11,9,1,0
408355,Goodison Park,,False,Bournemouth,30,13,7,2,4,67,1,5,1,72.2,51.2,4,9,10,0,0
408356,The King Power Stadium,,True,Leicester City,45.8,14,3,7,4,80.9,0,3,2,47.8,47.8,1,12,11,1,1
408356,The King Power Stadium,,False,Manchester United,54.2,7,3,3,1,82.2,0,3,2,57.1,52.2,3,11,11,5,0
408357,Etihad Stadium,,True,Manchester City,73.1,31,10,12,9,91.6,1,9,0,66.7,56.3,4,7,4,1,0
408357,Etihad Stadium,,False,Norwich City,26.9,5,4,1,0,71.6,2,0,2,35.7,43.8,4,4,6,1,0
408358,St. James' Park,,True,Newcastle United,25.3,3,2,1,0,65.5,1,2,3,65.2,46.9,3,11,5,1,0
408358,St. James' Park,,False,Liverpool,74.7,14,6,5,3,89,0,4,1,41.7,53.1,1,5,9,0,0
408359,St. Mary's Stadium,,True,Southampton,72.1,13,4,3,6,85.8,0,9,2,90.9,44.1,2,9,15,0,0
408359,St. Mary's Stadium,,False,Sheffield United,27.9,5,3,0,2,61.9,3,1,2,75,55.9,1,16,9,1,0
408360,London Stadium,,True,West Ham United,63,10,1,6,3,81.5,0,0,0,53.3,59.5,3,16,13,2,0
408360,London Stadium,,False,Aston Villa,37,13,4,6,3,67.1,1,7,1,23.1,40.5,0,13,16,1,0
408345,Old Trafford,,True,Manchester United,57.2,11,4,5,2,86.5,1,2,3,66.7,45.8,2,10,9,3,0
408345,Old Trafford,,False,West Ham United,42.8,12,3,6,3,79.1,0,3,1,30,54.2,3,9,8,1,0
408344,Anfield,,True,Liverpool,50,10,7,2,1,81.2,4,6,0,42.1,57.7,2,8,9,1,0
408344,Anfield,,False,Chelsea,50,10,5,5,0,83.7,4,0,3,44.4,42.3,2,11,8,0,0
408349,Vicarage Road,,True,Watford,23.1,2,0,2,0,66.4,0,0,4,50,58.6,6,14,11,2,0
408349,Vicarage Road,,False,Manchester City,76.9,26,10,6,10,89.9,3,8,3,45.5,41.4,1,11,14,0,0
408341,Villa Park,,True,Aston Villa,31,8,3,4,1,75.8,1,8,1,56.3,48.4,0,13,19,2,0
408341,Villa Park,,False,Arsenal,69,7,0,4,3,88.4,1,9,1,100,51.6,2,19,13,4,0
408343,Amex Stadium,,True,Brighton and Hove Albion,62.5,11,3,5,3,88,1,9,1,58.3,51.7,1,13,12,4,0
408343,Amex Stadium,,False,Newcastle United,37.5,12,1,4,7,76.5,1,7,1,53.3,48.3,3,12,13,2,0
408347,Bramall Lane,,True,Sheffield United,50.6,8,0,3,5,78.8,0,7,1,64.7,42.9,1,11,19,1,0
408347,Bramall Lane,,False,Everton,49.4,5,2,3,0,77.8,1,1,2,70,57.1,0,19,11,3,0
408350,Molineux,,True,Wolverhampton Wanderers,53.4,11,5,3,3,81.7,2,5,0,50,55,3,11,14,2,0
408350,Molineux,,False,Crystal Palace,46.6,7,3,1,3,77.7,0,2,1,38.5,45,3,15,11,1,0
408342,Vitality Stadium,,True,Bournemouth,43,11,3,4,4,60.4,0,12,2,41.2,47.4,6,12,11,2,0
408342,Vitality Stadium,,False,Southampton,57,16,8,3,5,69,3,6,1,54.5,52.6,3,11,11,2,0
408348,Tottenham Hotspur Stadium,,True,Tottenham Hotspur,29,7,3,1,3,71.9,1,4,4,70.6,38.9,6,15,10,2,0
408348,Tottenham Hotspur Stadium,,False,Leicester City,71,24,6,8,10,90.4,0,13,0,50,61.1,1,10,15,1,0
408346,Carrow Road,,True,Norwich City,42.3,6,2,2,2,75.4,0,6,1,66.7,44.8,7,9,15,0,2
408346,Carrow Road,,False,Burnley,57.7,23,8,7,8,86.3,2,8,1,53.8,55.2,2,16,8,0,0
408340,London Stadium,,True,West Ham United,40.6,10,4,2,4,64,1,9,1,76.9,64.5,2,11,11,0,0
408340,London Stadium,,False,Watford,59.4,14,3,6,5,76.5,1,3,2,56.3,35.5,1,11,11,2,0
408335,Goodison Park,,True,Everton,54.9,9,1,6,2,86,1,5,0,60,52.3,0,15,13,2,0
408335,Goodison Park,,False,Aston Villa,45.1,15,1,7,7,79.6,2,5,0,55.6,47.7,0,13,15,1,0
408336,The King Power Stadium,,True,Leicester City,54.4,15,7,3,5,79.2,5,9,3,50,46.2,1,12,10,1,0
408336,The King Power Stadium,,False,Sheffield United,45.6,5,1,3,1,75.1,1,5,4,60,53.8,5,10,11,2,0
408334,Selhurst Park,,True,Crystal Palace,40.6,13,5,4,4,78.5,0,2,1,42.3,25,3,10,15,1,0
408334,Selhurst Park,,False,Manchester United,59.4,17,5,9,3,87.4,1,7,0,78.6,75,5,15,10,2,0
408339,St. Mary's Stadium,,True,Southampton,67.9,21,6,7,8,82.1,3,8,1,80,42.2,1,6,10,1,0
408339,St. Mary's Stadium,,False,Brighton and Hove Albion,32.1,10,2,4,4,60.9,0,2,2,72.2,57.8,4,10,5,0,0
408332,Turf Moor,,True,Burnley,46.7,9,1,4,4,71,1,3,1,50,51.8,4,10,7,0,0
408332,Turf Moor,,False,Wolverhampton Wanderers,53.3,14,5,6,3,76.8,1,8,1,77.8,48.2,0,8,9,0,0
408337,Etihad Stadium,,True,Manchester City,72.5,8,4,4,0,88.5,0,3,2,60,42.9,2,10,8,1,0
408337,Etihad Stadium,,False,Bournemouth,27.5,15,3,6,6,65.1,2,5,2,66.7,57.1,2,10,8,1,0
408338,St. James' Park,,True,Newcastle United,52.8,22,6,10,6,87.5,1,5,0,57.1,58.6,2,6,13,2,0
408338,St. James' Park,,False,Tottenham Hotspur,47.2,8,5,1,2,86.4,2,4,1,35.7,41.4,5,13,6,3,0
408331,Emirates Stadium,,True,Arsenal,31.1,3,2,1,0,64,1,2,5,42.9,47.2,8,14,9,3,0
408331,Emirates Stadium,,False,Liverpool,68.9,24,8,7,9,85,3,13,4,83.3,52.8,0,10,12,1,0
408333,Stamford Bridge,,True,Chelsea,67.7,22,6,12,4,89.2,3,8,0,87.5,57.1,0,10,9,2,0
408333,Stamford Bridge,,False,Norwich City,32.3,2,0,0,2,76.7,0,1,1,80,42.9,5,9,9,2,0
408325,Old Trafford,,True,Manchester United,47.5,8,4,3,1,79.5,2,4,1,53.8,51.7,3,14,14,1,0
408325,Old Trafford,,False,Southampton,52.5,9,5,2,2,80.8,2,6,0,60,48.3,2,15,14,3,0
408330,Molineux,,True,Wolverhampton Wanderers,55.1,14,7,4,3,86.3,4,5,1,66.7,50,2,9,9,0,0
408330,Molineux,,False,Everton,44.9,6,2,1,3,82.2,0,2,0,80,50,4,9,9,2,0
408321,Villa Park,,True,Aston Villa,44.9,12,9,1,2,73.6,3,5,1,66.7,47.5,5,21,20,2,0
408321,Villa Park,,False,Crystal Palace,55.1,9,5,3,1,79.3,1,1,0,53.3,52.5,7,21,19,4,1
408328,Tottenham Hotspur Stadium,,True,Tottenham Hotspur,37.3,15,9,1,5,81,3,6,2,59.1,58.6,3,16,11,5,0
408328,Tottenham Hotspur Stadium,,False,Arsenal,62.7,13,4,6,3,89,0,5,0,58.3,41.4,7,11,16,3,0
408322,Vitality Stadium,,True,Bournemouth,44.1,9,4,3,2,72.2,1,2,4,100,43.9,4,11,10,2,0
408322,Vitality Stadium,,False,Leicester City,55.9,13,5,3,5,80.4,0,6,1,58.8,56.1,1,12,11,1,1
408326,Carrow Road,,True,Norwich City,52.5,11,2,6,3,86.9,0,1,1,31.3,40.7,3,9,6,1,0
408326,Carrow Road,,False,West Ham United,47.5,19,7,11,1,83.3,5,6,0,66.7,59.3,2,8,8,0,0
408329,Vicarage Road,,True,Watford,47.7,17,5,5,7,68.4,1,2,3,75,57.4,3,23,15,1,0
408329,Vicarage Road,,False,Newcastle United,52.3,8,4,4,0,72.8,2,4,3,92.3,42.6,3,15,22,4,0
408324,Anfield,,True,Liverpool,70.8,23,9,5,9,85.6,1,12,2,60,51.6,1,7,4,1,0
408324,Anfield,,False,Burnley,29.2,6,2,2,2,59.6,0,6,3,36.4,48.4,8,4,6,2,0
408327,Bramall Lane,,True,Sheffield United,23.7,9,4,3,2,63.3,1,4,1,42.9,55.6,4,8,5,1,0
408327,Bramall Lane,,False,Chelsea,76.3,15,4,7,4,88,2,6,0,87.5,44.4,1,6,8,0,0
408323,Amex Stadium,,True,Brighton and Hove Albion,29.8,3,0,3,0,76.4,0,2,6,58.3,50,3,7,1,1,0
408323,Amex Stadium,,False,Manchester City,70.2,26,8,12,6,90.5,7,7,1,81.3,50,0,3,7,0,0
408313,Vitality Stadium,,True,Bournemouth,35.7,9,2,3,4,67.9,1,8,1,73.3,35.6,0,11,14,3,0
408313,Vitality Stadium,,False,Tottenham Hotspur,64.3,9,0,4,5,81.2,0,12,0,76.2,64.4,2,14,10,2,0
408316,Goodison Park,,True,Everton,38.7,11,4,4,3,73,3,3,3,41.7,51.2,3,13,14,3,0
408316,Goodison Park,,False,Southampton,61.3,16,4,6,6,81.1,1,5,2,69.2,48.8,3,14,13,3,0
408312,Villa Park,,True,Aston Villa,33.4,9,1,5,3,76.1,0,3,2,66.7,38.1,3,7,13,2,0
408312,Villa Park,,False,Manchester United,66.6,14,6,6,2,89,3,5,1,45.5,61.9,1,13,7,3,0
408317,Etihad Stadium,,True,Manchester City,73.6,23,9,6,8,93.5,4,8,2,20,73.7,1,13,7,0,0
408317,Etihad Stadium,,False,Newcastle United,26.4,6,1,0,5,72.3,0,1,0,73.3,26.3,5,7,11,0,0
408318,Bramall Lane,,True,Sheffield United,42.8,7,3,3,1,72.5,0,6,3,50,55.1,1,5,5,2,0
408318,Bramall Lane,,False,Wolverhampton Wanderers,57.2,6,1,5,0,79.8,0,1,0,46.2,44.9,2,6,5,0,0
408320,London Stadium,,True,West Ham United,53.2,21,5,7,9,74.9,2,10,0,84.2,51.5,3,7,7,1,0
408320,London Stadium,,False,Burnley,46.8,8,4,3,1,76.7,0,3,5,82.4,48.5,4,7,7,1,0
408314,Amex Stadium,,True,Brighton and Hove Albion,44.4,12,2,7,3,78.7,4,6,5,58.3,46.4,5,7,15,1,0
408314,Amex Stadium,,False,Liverpool,55.6,20,8,5,7,82.8,3,10,0,36.4,53.6,1,15,7,4,0
408315,Selhurst Park,,True,Crystal Palace,42,13,4,4,5,77.7,2,7,1,57.9,63.3,3,11,9,1,0
408315,Selhurst Park,,False,Chelsea,58,14,6,6,2,83.8,5,9,0,47.6,36.7,2,10,11,0,0
408319,Vicarage Road,,True,Watford,43.5,9,4,5,0,73.3,1,4,0,47.6,69.8,2,11,15,2,0
408319,Vicarage Road,,False,Norwich City,56.5,12,3,6,3,82.7,2,3,0,36.8,30.2,2,15,11,4,0
408311,Emirates Stadium,,True,Arsenal,37.5,11,7,2,2,69,2,10,4,66.7,48.6,4,10,14,1,1
408311,Emirates Stadium,,False,Leicester City,62.5,13,5,7,1,82.4,1,1,1,70.6,51.4,6,14,10,0,0
408309,Tottenham Hotspur Stadium,,True,Tottenham Hotspur,51.6,12,2,6,4,82.6,0,5,2,53.8,35.3,3,14,17,3,0
408309,Tottenham Hotspur Stadium,,False,Everton,48.4,11,3,4,4,82.6,0,6,2,80,64.7,2,18,14,2,0
408301,Turf Moor,,True,Burnley,47.4,9,4,5,0,72.8,2,3,2,77.8,43.9,2,8,13,0,0
408301,Turf Moor,,False,Sheffield United,52.6,10,3,3,4,71.4,2,9,1,66.7,56.1,3,14,8,0,0
408306,St. James' Park,,True,Newcastle United,57.4,11,4,5,2,82,2,6,1,59.1,40.8,5,9,11,1,0
408306,St. James' Park,,False,West Ham United,42.6,17,7,6,4,76.8,3,4,1,50,59.2,2,11,9,0,0
408304,Anfield,,True,Liverpool,71.2,6,4,1,1,84.2,1,7,1,57.1,40,3,18,8,1,0
408304,Anfield,,False,Aston Villa,28.8,9,3,4,2,66.5,1,5,5,62.5,60,2,8,18,1,0
408308,St. Mary's Stadium,,True,Southampton,26.3,8,4,3,1,70.4,1,2,3,65,44.4,6,6,7,1,0
408308,St. Mary's Stadium,,False,Manchester City,73.7,26,6,9,11,89.5,4,13,3,62.5,55.6,3,7,6,2,0
408307,Carrow Road,,True,Norwich City,58,12,1,4,7,86.2,0,0,4,71.4,50,1,11,12,2,0
408307,Carrow Road,,False,Brighton and Hove Albion,42,8,2,3,3,82.5,1,2,0,45.5,50,1,13,10,2,0
408303,The King Power Stadium,,True,Leicester City,52.2,15,4,6,5,84.4,5,3,1,58.6,47.8,1,18,7,2,0
408303,The King Power Stadium,,False,Crystal Palace,47.8,7,1,5,1,79.6,1,7,1,44.4,52.2,1,8,18,1,0
408305,Old Trafford,,True,Manchester United,69.3,19,10,4,5,88.7,3,8,4,56.3,55.6,1,3,11,0,0
408305,Old Trafford,,False,Bournemouth,30.7,7,3,3,1,75.6,1,3,4,40,44.4,6,12,2,1,0
408310,Molineux,,True,Wolverhampton Wanderers,51.9,10,1,5,4,85.5,2,3,1,53.8,56.7,2,6,11,2,0
408310,Molineux,,False,Arsenal,48.1,8,5,1,2,82.4,2,5,0,65.5,43.3,1,11,6,4,0
408302,Stamford Bridge,,True,Chelsea,70.4,21,9,4,8,90.3,1,5,1,61.5,62.1,3,9,12,0,0
408302,Stamford Bridge,,False,Watford,29.6,7,3,4,0,76.7,1,3,2,62.5,37.9,6,12,9,2,0
408298,Bramall Lane,,True,Sheffield United,32.5,7,5,2,0,67.3,2,1,2,66.7,55.8,1,13,11,2,0
408298,Bramall Lane,,False,Tottenham Hotspur,67.5,9,2,5,2,85.2,1,6,1,78.6,44.2,2,13,12,0,0
408297,Etihad Stadium,,True,Manchester City,47,14,6,6,2,84.1,3,3,3,70,47.6,3,8,7,2,0
408297,Etihad Stadium,,False,Liverpool,53,11,3,2,6,86.2,2,3,2,61.5,52.4,2,7,7,2,0
408291,Emirates Stadium,,True,Arsenal,51.6,13,8,4,1,85.5,2,6,0,66.7,73.1,2,10,10,1,0
408291,Emirates Stadium,,False,Norwich City,48.4,8,2,3,3,79.6,0,2,2,78.9,26.9,4,10,10,4,0
408293,Vitality Stadium,,True,Bournemouth,54.9,12,1,6,5,83.2,1,6,2,50,48.8,3,11,10,2,0
408293,Vitality Stadium,,False,Newcastle United,45.1,12,7,4,1,79.3,3,3,1,68.8,51.2,0,10,11,0,0
408296,Goodison Park,,True,Everton,34.9,7,2,2,3,73.7,0,3,0,45,60.4,2,13,9,1,0
408296,Goodison Park,,False,Leicester City,65.1,15,3,6,6,87.4,1,5,1,66.7,39.6,0,10,13,1,0
408300,London Stadium,,True,West Ham United,28.8,10,4,2,4,73.3,2,2,2,25,57.1,4,10,9,2,0
408300,London Stadium,,False,Chelsea,71.2,17,6,9,2,88.6,0,3,2,57.9,42.9,1,9,10,1,0
408294,Amex Stadium,,True,Brighton and Hove Albion,38,8,2,5,1,81.3,0,4,2,69.2,54.5,3,10,9,0,0
408294,Amex Stadium,,False,Manchester United,62,12,6,4,2,88.2,1,5,2,75,45.5,2,9,9,1,0
408295,Selhurst Park,,True,Crystal Palace,58.4,17,4,6,7,81.2,0,9,0,76.9,40.6,3,12,13,1,0
408295,Selhurst Park,,False,Burnley,41.6,8,4,3,1,76.8,0,1,0,75,59.4,4,13,12,1,0
408299,Vicarage Road,,True,Watford,47.6,8,0,2,6,68.4,0,5,1,61.5,42.4,4,18,9,3,0
408299,Vicarage Road,,False,Southampton,52.4,11,7,3,1,72.6,2,3,1,70,57.6,0,9,18,0,0
408292,Villa Park,,True,Aston Villa,48,11,1,8,2,81.6,0,2,0,25,44.7,1,16,13,1,0
408292,Villa Park,,False,Wolverhampton Wanderers,52,9,2,6,1,80.4,0,2,2,60,55.3,1,16,16,1,0
408281,Turf Moor,,True,Burnley,55.2,9,5,4,0,70.3,2,1,3,72.7,50.6,3,13,15,1,0
408281,Turf Moor,,False,Watford,44.8,10,4,6,0,61.7,0,7,0,56.3,49.4,3,15,12,0,0
408288,St. Mary's Stadium,,True,Southampton,52.6,12,3,7,2,79.3,0,4,2,58.8,44.8,3,10,14,0,1
408288,St. Mary's Stadium,,False,Arsenal,47.4,10,5,3,2,76.4,1,6,1,20,55.2,3,14,10,2,0
408282,Stamford Bridge,,True,Chelsea,35.3,15,10,3,2,82.7,2,5,3,46.2,68.8,1,13,2,1,0
408282,Stamford Bridge,,False,Manchester City,64.7,11,2,6,3,91.2,1,7,1,71.4,31.3,5,3,13,1,1
408285,Old Trafford,,True,Manchester United,68.2,15,6,5,4,91,4,10,1,42.9,66.7,1,10,6,1,0
408285,Old Trafford,,False,Sheffield United,31.8,4,1,1,2,82.5,0,5,2,33.3,33.3,3,6,10,0,0
408286,St. James' Park,,True,Newcastle United,52.1,13,3,4,6,76.9,1,6,1,66.7,43.1,1,15,13,2,0
408286,St. James' Park,,False,Aston Villa,47.9,14,2,7,5,77.2,2,9,0,40,56.9,2,13,14,2,0
408287,Carrow Road,,True,Norwich City,46.6,9,1,2,6,79.9,0,6,1,33.3,36.6,4,8,13,0,0
408287,Carrow Road,,False,Everton,53.4,12,5,3,4,80,0,5,1,75,63.4,1,13,7,1,0
408290,Molineux,,True,Wolverhampton Wanderers,55.1,10,2,7,1,83.1,1,6,2,57.1,46.2,0,11,10,3,0
408290,Molineux,,False,Bournemouth,44.9,4,0,2,2,76.1,0,4,2,70.6,53.8,1,11,10,3,0
408284,Anfield,,True,Liverpool,73.3,21,7,10,4,89.1,3,6,0,58.8,60.7,0,7,5,0,0
408284,Anfield,,False,Crystal Palace,26.7,3,0,3,0,71.2,0,0,1,65,39.3,3,5,7,0,0
408283,The King Power Stadium,,True,Leicester City,66.4,11,2,7,2,86.1,0,6,0,56.3,47.4,2,10,12,2,0
408283,The King Power Stadium,,False,Brighton and Hove Albion,33.6,10,2,3,5,71.8,0,7,0,66.7,52.6,2,13,10,2,0
408289,Tottenham Hotspur Stadium,,True,Tottenham Hotspur,64.5,15,4,11,0,86.3,1,9,3,44.4,48.9,2,12,7,2,0
408289,Tottenham Hotspur Stadium,,False,West Ham United,35.5,10,2,7,1,73.7,0,4,2,52.4,51.1,3,7,12,2,0
408275,Etihad Stadium,,True,Manchester City,71.7,19,7,7,5,91.4,3,3,1,66.7,62.1,0,8,7,1,0
408275,Etihad Stadium,,False,Burnley,28.3,1,0,1,0,76.4,0,1,2,63.6,37.9,2,7,7,1,0
408276,St. James' Park,,True,Newcastle United,46,12,8,2,2,81.7,4,2,3,63.6,47.6,1,9,10,2,0
408276,St. James' Park,,False,Sheffield United,54,7,1,3,3,83.3,1,4,1,56.3,52.4,5,10,9,0,1
408271,Villa Park,,True,Aston Villa,26,8,4,3,1,64.2,2,2,0,37.5,50,3,9,17,2,0
408271,Villa Park,,False,Chelsea,74,19,5,7,7,85.7,1,10,0,57.1,50,3,17,9,1,0
408274,Goodison Park,,True,Everton,29.9,8,3,3,2,67.2,0,1,2,70,43.1,3,15,11,2,0
408274,Goodison Park,,False,Liverpool,70.1,10,3,4,3,85,0,6,1,75,56.9,3,12,12,2,0
408279,Vicarage Road,,True,Watford,31.7,8,4,3,1,62.6,3,2,0,69.2,51.2,1,15,12,0,0
408279,Vicarage Road,,False,Leicester City,68.3,15,2,7,6,81.4,1,7,3,63,48.8,3,12,15,1,0
408273,Amex Stadium,,True,Brighton and Hove Albion,41.3,9,5,2,2,80.3,1,10,0,68.2,38.9,5,13,8,2,0
408273,Amex Stadium,,False,Arsenal,58.7,13,6,3,4,88.9,0,8,4,50,61.1,3,8,13,1,0
408280,London Stadium,,True,West Ham United,42.2,7,2,2,3,76.2,1,5,0,60,44.2,4,8,7,1,0
408280,London Stadium,,False,Wolverhampton Wanderers,57.8,10,6,1,3,81.8,1,7,1,61.1,55.8,2,7,6,1,0
408272,Vitality Stadium,,True,Bournemouth,58.7,12,1,7,4,83.4,0,11,2,55.6,45.2,0,13,15,3,0
408272,Vitality Stadium,,False,Crystal Palace,41.3,7,2,4,1,76.6,1,4,3,38.5,54.8,1,15,12,2,0
408277,Carrow Road,,True,Norwich City,55,9,1,3,5,71.2,1,9,3,52.6,36.1,6,9,15,1,0
408277,Carrow Road,,False,Southampton,45,22,9,6,7,69.1,1,7,1,50,63.9,1,15,7,1,0
408278,Tottenham Hotspur Stadium,,True,Tottenham Hotspur,38.8,10,3,3,4,74.8,1,7,1,64.3,42.4,6,17,18,0,0
408278,Tottenham Hotspur Stadium,,False,Manchester United,61.2,12,6,4,2,82.8,1,6,3,50,57.6,2,18,17,1,0
408251,Villa Park,,True,Aston Villa,45.1,14,6,5,3,78.8,1,12,1,75,45.9,1,11,13,1,0
408251,Villa Park,,False,Sheffield United,54.9,5,1,1,3,79.5,0,4,0,72.2,54.1,6,14,11,1,0
408255,Etihad Stadium,,True,Manchester City,67.1,20,12,5,3,92.3,3,5,1,42.9,75,0,9,7,1,0
408255,Etihad Stadium,,False,Arsenal,32.9,4,0,3,1,83.8,1,2,5,66.7,25,9,7,9,1,1
408265,The King Power Stadium,32125.0,True,Leicester City,64.6,15,7,7,1,82.3,2,9,3,54.2,54.5,1,15,11,2,0
408265,The King Power Stadium,32125.0,False,Aston Villa,35.4,4,1,3,0,69.4,1,0,2,69.6,45.5,3,12,15,1,0
408263,Stamford Bridge,40694.0,True,Chelsea,60.2,17,11,5,1,88.5,3,6,0,53.8,47.2,1,8,8,1,0
408263,Stamford Bridge,40694.0,False,Everton,39.8,3,1,1,1,79,1,1,1,66.7,52.8,7,10,8,2,0
408267,Old Trafford,73288.0,True,Manchester United,27.7,12,6,2,4,73.5,0,2,1,47.4,42.1,4,11,9,2,0
408267,Old Trafford,73288.0,False,Manchester City,72.3,7,4,3,0,88.8,1,11,2,33.3,57.9,4,9,10,4,0
408266,Anfield,53323.0,True,Liverpool,74.5,14,6,4,4,85.2,3,9,1,57.1,50,2,10,12,0,0
408266,Anfield,53323.0,False,Bournemouth,25.5,6,4,0,2,60.6,2,4,5,66.7,50,4,12,7,1,0
408261,Emirates Stadium,60335.0,True,Arsenal,68.9,9,2,3,4,85.3,3,6,2,53.8,47.8,6,11,8,1,0
408261,Emirates Stadium,60335.0,False,West Ham United,31.1,14,6,6,2,68.6,3,7,2,81.8,52.2,1,9,11,2,0
408264,Selhurst Park,25461.0,True,Crystal Palace,44.2,10,3,3,4,71.7,1,8,2,52.4,47.7,3,12,16,4,0
408264,Selhurst Park,25461.0,False,Watford,55.8,10,3,2,5,75.2,0,8,1,50,52.3,2,16,11,4,0
408268,Bramall Lane,31379.0,True,Sheffield United,41.8,10,4,4,2,74.4,1,10,1,71.4,46.5,4,12,7,0,0
408268,Bramall Lane,31379.0,False,Norwich City,58.2,12,5,4,3,81.3,1,5,3,61.1,53.5,2,8,12,0,0
408269,St. Mary's Stadium,30096.0,True,Southampton,38,6,3,1,2,68.8,0,5,0,57.9,57.6,6,14,13,0,1
408269,St. Mary's Stadium,30096.0,False,Newcastle United,62,14,7,3,4,80.6,3,8,2,46.7,42.4,3,15,13,3,0
408270,Molineux,31490.0,True,Wolverhampton Wanderers,43.1,11,1,7,3,74.9,0,2,0,77.3,50,1,4,7,1,0
408270,Molineux,31490.0,False,Brighton and Hove Albion,56.9,7,1,4,2,82.5,0,0,0,56.5,50,1,7,4,3,0
408262,Turf Moor,20496.0,True,Burnley,45,21,8,4,9,74.1,2,4,2,66.7,63,1,16,11,5,0
408262,Turf Moor,20496.0,False,Tottenham Hotspur,55,13,2,6,5,74.3,0,5,0,57.1,37,6,11,15,4,0
408254,Goodison Park,39374.0,True,Everton,44.1,16,5,6,5,73.7,3,13,3,57.1,51.6,4,11,9,3,0
408254,Goodison Park,39374.0,False,Manchester United,55.9,14,5,5,4,77,0,8,1,68.8,48.4,4,11,10,4,0
408258,Tottenham Hotspur Stadium,58064.0,True,Tottenham Hotspur,65.5,13,5,2,6,85.7,1,4,0,54.5,53.8,1,12,14,3,0
408258,Tottenham Hotspur Stadium,58064.0,False,Wolverhampton Wanderers,34.5,14,4,7,3,73.9,2,5,0,40,46.2,3,14,11,2,0
408253,Amex Stadium,30124.0,True,Brighton and Hove Albion,66.5,23,8,9,6,82.5,1,8,1,57.7,63.3,2,8,9,2,0
408253,Amex Stadium,30124.0,False,Crystal Palace,33.5,12,3,6,3,68.5,4,7,3,56.5,36.7,8,9,8,1,0
408252,Vitality Stadium,10667.0,True,Bournemouth,26.9,9,5,3,1,68.4,2,4,1,50,44.2,5,8,5,2,0
408252,Vitality Stadium,10667.0,False,Chelsea,73.1,23,6,12,5,87.5,1,14,2,50,55.8,3,5,8,2,0
408256,St. James' Park,52219.0,True,Newcastle United,54,21,4,6,11,67.6,0,11,2,57.9,39.3,1,11,9,4,0
408256,St. James' Park,52219.0,False,Burnley,46,8,1,4,3,65.6,0,7,2,50,60.7,4,9,10,3,0
408260,London Stadium,59962.0,True,West Ham United,33.7,14,7,5,2,59.1,5,4,0,62.5,54.8,1,8,7,1,0
408260,London Stadium,59962.0,False,Southampton,66.3,10,2,3,5,74.9,1,9,1,47.1,45.2,4,11,7,1,0
408259,Vicarage Road,21634.0,True,Watford,29.2,14,5,7,2,66.2,4,3,5,53.8,54.1,1,4,8,0,0
408259,Vicarage Road,21634.0,False,Liverpool,70.8,7,1,4,2,84.7,0,5,1,25,45.9,2,8,3,0,0
408257,Carrow Road,27010.0,True,Norwich City,42.6,11,6,1,4,75.6,0,6,2,77.3,40.9,4,13,15,1,0
408257,Carrow Road,27010.0,False,Leicester City,57.4,19,4,8,7,83.1,0,7,0,26.7,59.1,5,16,13,2,0
408246,Anfield,53313.0,True,Liverpool,69.3,25,7,10,8,84.7,1,16,2,69.6,47.9,2,4,9,0,0
408246,Anfield,53313.0,False,West Ham United,30.7,7,4,2,1,65.8,2,8,2,57.9,52.1,4,10,4,3,0
408247,Old Trafford,73347.0,True,Manchester United,58,21,9,9,3,80.2,1,3,1,47.6,45,2,6,14,0,0
408247,Old Trafford,73347.0,False,Watford,42,7,2,2,3,74.8,0,5,1,56.3,55,5,15,6,1,0
408250,Molineux,31046.0,True,Wolverhampton Wanderers,39.8,19,6,9,4,77.2,3,4,1,43.8,63.2,4,11,6,2,0
408250,Molineux,31046.0,False,Norwich City,60.2,6,4,1,1,84.9,0,1,0,56.3,36.8,3,6,11,3,0
408241,Emirates Stadium,60296.0,True,Arsenal,51.3,9,4,5,0,86.2,2,6,2,69.2,32.1,3,12,12,0,0
408241,Emirates Stadium,60296.0,False,Everton,48.7,17,5,8,4,84.8,3,3,2,57.1,67.9,1,12,12,4,0
408243,Stamford Bridge,40608.0,True,Chelsea,49.1,17,7,8,2,82.6,1,3,1,57.7,42.9,3,14,13,1,0
408243,Stamford Bridge,40608.0,False,Tottenham Hotspur,50.9,5,3,0,2,82.3,0,5,0,62.5,57.1,5,14,14,2,0
408242,Turf Moor,18227.0,True,Burnley,42.1,16,10,2,4,67.3,4,7,1,59.1,46.2,4,9,6,4,0
408242,Turf Moor,18227.0,False,Bournemouth,57.9,12,4,4,4,78.8,4,4,1,50,53.8,7,9,8,3,0
408244,Selhurst Park,25486.0,True,Crystal Palace,44.2,18,9,7,2,73.9,2,7,0,59.1,62.9,2,15,10,2,0
408244,Selhurst Park,25486.0,False,Newcastle United,55.8,8,2,3,3,77,0,5,3,43.8,37.1,8,11,14,6,1
408248,Bramall Lane,31888.0,True,Sheffield United,66.3,13,3,5,5,77.3,3,12,3,66.7,47.8,1,5,5,0,0
408248,Bramall Lane,31888.0,False,Brighton and Hove Albion,33.7,9,2,4,3,66,1,2,2,53.3,52.2,2,6,4,2,0
408249,St. Mary's Stadium,31478.0,True,Southampton,45.9,28,9,11,8,68.6,3,9,0,70.6,58.2,1,13,17,1,0
408249,St. Mary's Stadium,31478.0,False,Aston Villa,54.1,4,1,0,3,74.1,0,6,2,46.2,41.8,7,17,13,4,0
408245,The King Power Stadium,32068.0,True,Leicester City,31.9,10,3,4,3,76.8,1,3,1,71.4,47.1,6,14,10,0,0
408245,The King Power Stadium,32068.0,False,Manchester City,68.1,18,7,6,5,89.1,3,7,1,73.3,52.9,3,10,13,0,0
408236,Etihad Stadium,52159.0,True,Manchester City,77.3,20,7,5,8,91.7,3,6,1,63.6,42.1,0,5,6,0,0
408236,Etihad Stadium,52159.0,False,West Ham United,22.7,3,0,2,1,70.1,0,1,3,46.7,57.9,5,7,5,1,0
408234,Stamford Bridge,40504.0,True,Chelsea,61.2,17,1,6,10,87.1,1,9,2,50,48.4,1,11,11,4,0
408234,Stamford Bridge,40504.0,False,Manchester United,38.8,9,3,4,2,79.6,1,8,0,50,51.6,1,11,9,3,0
408232,Villa Park,41874.0,True,Aston Villa,54.3,18,4,8,6,76.4,2,12,0,57.1,45.7,7,12,8,2,0
408232,Villa Park,41874.0,False,Tottenham Hotspur,45.7,23,10,6,7,75.6,4,7,1,45.8,54.3,3,10,12,0,0
408231,Emirates Stadium,60188.0,True,Arsenal,68.4,15,7,6,2,91,5,5,1,58.3,50,2,15,9,2,0
408231,Emirates Stadium,60188.0,False,Newcastle United,31.6,10,2,5,3,81,2,6,4,44.4,50,3,9,15,0,0
408239,St. Mary's Stadium,26302.0,True,Southampton,63.6,10,2,5,3,74.5,1,4,1,63.6,53.1,4,8,11,2,0
408239,St. Mary's Stadium,26302.0,False,Burnley,36.4,9,6,3,0,60.6,1,3,3,55.6,46.9,1,11,6,2,0
408237,Carrow Road,27110.0,True,Norwich City,36.7,5,1,3,1,71.8,0,2,1,70.6,45.8,5,5,11,1,0
408237,Carrow Road,27110.0,False,Liverpool,63.3,17,6,7,4,84,1,7,0,68.8,54.2,1,11,5,2,0
408240,Molineux,31682.0,True,Wolverhampton Wanderers,40.8,15,3,8,4,74.1,2,7,2,55.6,53.7,3,13,9,2,0
408240,Molineux,31682.0,False,Leicester City,59.2,9,3,2,4,83.8,0,0,0,57.1,46.3,3,10,12,2,1
408238,Bramall Lane,30361.0,True,Sheffield United,54.3,16,6,4,6,71.3,1,8,0,29.4,59.4,1,10,8,2,0
408238,Bramall Lane,30361.0,False,Bournemouth,45.7,10,2,7,1,72.4,0,4,1,50,40.6,3,8,10,3,0
408235,Goodison Park,38987.0,True,Everton,46.6,14,8,4,2,73.5,2,4,1,65,54.5,1,11,10,0,0
408235,Goodison Park,38987.0,False,Crystal Palace,53.4,10,2,6,2,76.9,0,6,2,66.7,45.5,5,12,11,1,0
408233,Amex Stadium,30443.0,True,Brighton and Hove Albion,67.2,10,2,5,3,83.3,1,3,2,61.5,66.7,1,9,12,2,0
408233,Amex Stadium,30443.0,False,Watford,32.8,5,2,2,1,64.1,0,2,2,60,33.3,2,12,9,2,0
408222,Turf Moor,21048.0,True,Burnley,42.7,15,2,10,3,75.6,4,5,4,70,55,2,8,11,1,0
408222,Turf Moor,21048.0,False,Arsenal,57.3,13,2,6,5,80.5,2,7,1,76.5,45,2,11,8,3,0
408228,Tottenham Hotspur Stadium,61022.0,True,Tottenham Hotspur,33.1,3,3,0,0,75.2,1,2,2,61.9,40.9,6,8,13,2,0
408228,Tottenham Hotspur Stadium,61022.0,False,Manchester City,66.9,19,6,6,7,87.9,2,6,0,60,59.1,1,14,6,3,1
408224,The King Power Stadium,32186.0,True,Leicester City,49.7,14,4,5,5,77.2,3,4,1,68,50,1,16,14,2,0
408224,The King Power Stadium,32186.0,False,Chelsea,50.3,7,3,1,3,78.1,2,6,1,53.3,50,2,14,14,2,0
408221,Vitality Stadium,10722.0,True,Bournemouth,39.6,16,6,5,5,62,3,1,1,83.3,53.4,4,10,13,1,1
408221,Vitality Stadium,10722.0,False,Aston Villa,60.4,18,5,9,4,76.1,0,8,3,20,46.6,4,15,10,3,0
408223,Selhurst Park,25170.0,True,Crystal Palace,60.7,13,3,5,5,81.2,1,9,1,50,56.4,3,9,14,3,0
408223,Selhurst Park,25170.0,False,Sheffield United,39.3,10,3,3,4,71.2,1,5,0,45,43.6,3,15,9,2,0
408225,Anfield,53291.0,True,Liverpool,61.5,16,9,3,4,76,5,6,2,64.3,48.5,4,9,13,0,0
408225,Anfield,53291.0,False,Southampton,38.5,17,4,7,6,63.9,0,11,5,61.1,51.5,5,15,7,2,0
408227,St. James' Park,52204.0,True,Newcastle United,43.4,15,5,4,6,79.7,0,8,3,80,46.8,4,10,15,2,0
408227,St. James' Park,52204.0,False,Norwich City,56.6,19,4,9,6,81,3,12,0,70,53.2,6,15,10,1,0
408229,Vicarage Road,21229.0,True,Watford,44.6,11,2,6,3,69.2,1,4,0,46.7,55.9,2,17,13,2,0
408229,Vicarage Road,21229.0,False,Everton,55.4,12,5,4,3,74.1,3,4,2,63.6,44.1,0,14,17,2,1
408230,London Stadium,59952.0,True,West Ham United,35.1,12,6,3,3,73.8,2,4,2,69.6,50,4,8,9,1,0
408230,London Stadium,59952.0,False,Brighton and Hove Albion,64.9,19,6,10,3,83.9,4,6,1,42.1,50,3,9,6,1,0
408226,Old Trafford,73363.0,True,Manchester United,63.7,16,5,8,3,88.5,1,4,0,57.9,52.9,4,14,14,3,0
408226,Old Trafford,73363.0,False,Wolverhampton Wanderers,36.3,15,4,5,6,79.4,2,6,1,67.9,47.1,5,15,14,2,0
408160,London Stadium,59959.0,True,West Ham United,29.4,7,4,3,0,71.9,1,3,1,52.9,53.3,3,6,6,2,0
408160,London Stadium,59959.0,False,Liverpool,70.6,13,5,5,3,88.8,2,7,0,52.9,46.7,4,6,6,0,0
408217,Molineux,31746.0,True,Wolverhampton Wanderers,46.4,10,3,5,2,81.6,4,2,2,54.5,63.3,4,6,11,0,0
408217,Molineux,31746.0,False,Liverpool,53.6,13,6,1,6,83.3,0,4,0,54.5,36.7,2,11,4,1,0
408214,The King Power Stadium,31968.0,True,Leicester City,67.3,19,8,4,7,86.3,1,7,2,52.9,54.3,1,10,18,1,0
408214,The King Power Stadium,31968.0,False,West Ham United,32.7,6,2,3,1,67.8,0,8,1,33.3,45.7,4,19,9,1,0
408220,Tottenham Hotspur Stadium,58182.0,True,Tottenham Hotspur,50.4,14,3,5,6,80.2,2,7,1,54.5,59.5,1,12,6,0,0
408220,Tottenham Hotspur Stadium,58182.0,False,Norwich City,49.6,13,2,7,4,78.9,0,3,0,62.5,40.5,1,7,12,1,0
408215,Old Trafford,73198.0,True,Manchester United,72.2,24,7,10,7,85.5,0,5,2,80,57.6,0,11,7,0,0
408215,Old Trafford,73198.0,False,Burnley,27.8,5,2,2,1,59,1,2,2,61.5,42.4,7,7,11,2,0
408211,Villa Park,40867.0,True,Aston Villa,64.5,16,5,8,3,80.8,0,6,0,22.2,63,1,11,18,2,0
408211,Villa Park,40867.0,False,Watford,35.5,8,2,3,3,68.2,2,3,3,52.4,37,3,18,10,2,0
408212,Vitality Stadium,10065.0,True,Bournemouth,34.7,11,3,4,4,67.7,1,5,2,50,50,7,9,12,1,0
408212,Vitality Stadium,10065.0,False,Brighton and Hove Albion,65.3,21,8,6,7,83.4,2,8,1,56.3,50,1,12,8,1,0
408219,Selhurst Park,23739.0,True,Crystal Palace,44.4,6,0,5,1,63.3,1,0,2,70,52.5,4,12,13,1,0
408219,Selhurst Park,23739.0,False,Southampton,55.6,15,6,6,3,70.3,2,8,1,63.6,47.5,0,13,12,2,0
408213,Goodison Park,38822.0,True,Everton,54.9,17,8,7,2,83.6,4,6,1,60,60,1,13,10,1,0
408213,Goodison Park,38822.0,False,Newcastle United,45.1,9,3,3,3,79.9,0,4,0,55.6,40,6,10,12,1,0
408216,Bramall Lane,31285.0,True,Sheffield United,32.7,4,1,2,1,65.4,1,5,4,69.2,52.3,4,13,13,4,0
408216,Bramall Lane,31285.0,False,Manchester City,67.3,18,5,8,5,86.7,2,13,1,62.5,47.7,1,13,12,3,0
408218,Stamford Bridge,40577.0,True,Chelsea,58.8,19,8,5,6,87.7,3,17,2,55.6,61.8,0,11,6,2,0
408218,Stamford Bridge,40577.0,False,Arsenal,41.2,2,2,0,0,78.2,1,5,1,57.1,38.2,6,6,11,1,1
408203,Turf Moor,19788.0,True,Burnley,44.5,8,5,2,1,73.1,0,4,1,68.8,55,7,14,7,1,0
408203,Turf Moor,19788.0,False,Leicester City,55.5,18,8,6,4,78.9,4,5,0,78.3,45,3,8,14,0,0
408204,Anfield,52916.0,True,Liverpool,53.2,16,5,6,5,79.2,3,11,2,50,55.2,4,7,10,1,0
408204,Anfield,52916.0,False,Manchester United,46.8,9,4,4,1,79.1,2,5,3,50,44.8,3,10,7,3,0
408209,Vicarage Road,21366.0,True,Watford,41.5,15,2,8,5,69,3,3,2,28,68,4,13,12,2,0
408209,Vicarage Road,21366.0,False,Tottenham Hotspur,58.5,16,5,6,5,82.1,2,3,3,52.9,32,2,13,12,3,0
408201,Emirates Stadium,60310.0,True,Arsenal,61,11,4,5,2,80.6,0,4,3,61.5,44,2,9,9,1,0
408201,Emirates Stadium,60310.0,False,Sheffield United,39,12,4,6,2,69.7,2,5,0,60,56,3,13,8,2,0
408202,Amex Stadium,30551.0,True,Brighton and Hove Albion,55.3,10,2,3,5,78.2,1,3,2,50,52.9,2,11,13,3,0
408202,Amex Stadium,30551.0,False,Aston Villa,44.7,8,3,5,0,74.3,2,4,4,60,47.1,1,13,11,3,0
408205,Etihad Stadium,54439.0,True,Manchester City,72.5,25,6,10,9,89.3,3,14,0,46.2,46.7,2,9,6,1,0
408205,Etihad Stadium,54439.0,False,Crystal Palace,27.5,5,3,1,1,64.4,1,2,1,72.2,53.3,4,7,9,2,0
408207,Carrow Road,26781.0,True,Norwich City,66,16,5,5,6,84.3,1,4,0,61.5,44,3,10,9,2,1
408207,Carrow Road,26781.0,False,Bournemouth,34,6,3,1,2,67.7,2,5,3,47.4,56,3,10,8,2,1
408208,St. Mary's Stadium,31152.0,True,Southampton,52.5,11,5,5,1,70.1,0,1,2,57.1,40.4,1,13,10,2,0
408208,St. Mary's Stadium,31152.0,False,Wolverhampton Wanderers,47.5,8,4,3,1,63.9,3,3,2,76.9,59.6,3,12,13,1,0
408210,London Stadium,59915.0,True,West Ham United,48.8,12,6,4,2,77.7,3,7,3,81.3,58.1,2,11,13,1,0
408210,London Stadium,59915.0,False,Everton,51.2,11,3,5,3,79.3,4,6,1,50,41.9,4,13,11,0,0
408206,St. James' Park,52217.0,True,Newcastle United,30.1,7,2,5,0,67.1,2,1,1,53.8,58,3,9,13,1,0
408206,St. James' Park,52217.0,False,Chelsea,69.9,19,4,7,8,85,2,10,2,66.7,42,1,14,9,1,0
408192,Vitality Stadium,10384.0,True,Bournemouth,56.7,10,1,7,2,78.4,0,5,0,75,41.7,2,3,13,1,0
408192,Vitality Stadium,10384.0,False,Watford,43.3,18,6,6,6,72,2,5,5,55.6,58.3,1,13,3,1,0
408191,Villa Park,41823.0,True,Aston Villa,29.4,7,1,4,2,80.4,0,2,1,60,52.2,5,5,11,2,0
408191,Villa Park,41823.0,False,Manchester City,70.6,22,12,8,2,92.2,4,4,0,50,47.8,0,12,3,1,0
408194,Selhurst Park,25468.0,True,Crystal Palace,42.7,6,3,2,1,71.3,0,1,3,64,54.2,3,14,22,2,0
408194,Selhurst Park,25468.0,False,Arsenal,57.3,7,4,2,1,78.2,1,4,1,58.8,45.8,1,22,14,3,1
408193,Stamford Bridge,40396.0,True,Chelsea,65.5,18,8,4,6,84.2,2,10,6,61.5,41.2,1,7,4,0,0
408193,Stamford Bridge,40396.0,False,Burnley,34.5,7,3,2,2,68.7,1,3,6,46.2,58.8,5,4,7,3,0
408195,Goodison Park,38772.0,True,Everton,53.8,14,6,4,4,79.4,2,4,2,61.9,50,2,7,6,2,0
408195,Goodison Park,38772.0,False,Brighton and Hove Albion,46.2,9,2,6,1,73.9,1,3,2,46.2,50,5,7,6,1,0
408196,The King Power Stadium,32115.0,True,Leicester City,58.2,5,5,0,0,72.7,1,2,3,65,42.9,7,9,17,0,0
408196,The King Power Stadium,32115.0,False,Southampton,41.8,16,10,5,1,56.9,3,4,2,69.6,57.1,4,17,8,3,0
408197,Old Trafford,73271.0,True,Manchester United,59.6,13,6,4,3,85.8,3,4,2,57.1,62.5,3,18,7,0,0
408197,Old Trafford,73271.0,False,Norwich City,40.4,8,3,2,3,78.9,0,2,0,50,37.5,2,7,17,0,0
408200,Molineux,31570.0,True,Wolverhampton Wanderers,65.7,9,4,3,2,85.2,2,5,0,56.3,54.5,0,13,12,0,0
408200,Molineux,31570.0,False,Newcastle United,34.3,5,1,2,2,74.9,0,2,1,73.3,45.5,2,12,12,3,0
408199,Tottenham Hotspur Stadium,61023.0,True,Tottenham Hotspur,33.2,14,4,8,2,78.2,1,4,2,76.9,37.5,5,4,8,0,0
408199,Tottenham Hotspur Stadium,61023.0,False,Liverpool,66.8,13,7,5,1,86.9,2,3,2,60,62.5,4,8,4,2,0
408198,Bramall Lane,30124.0,True,Sheffield United,46.9,13,3,6,4,70,4,7,3,73.7,51.9,2,11,5,1,0
408198,Bramall Lane,30124.0,False,West Ham United,53.1,7,2,5,0,73.2,1,3,1,75,48.1,2,6,11,0,0
408184,Anfield,53321.0,True,Liverpool,74.8,19,7,5,7,90.4,3,8,1,66.7,64.3,2,5,5,0,0
408184,Anfield,53321.0,False,Sheffield United,25.2,3,2,1,0,73.1,1,4,3,64.3,35.7,5,8,5,0,0
408182,Amex Stadium,30559.0,True,Brighton and Hove Albion,47.7,16,5,4,7,77.9,2,5,0,75,57.8,3,8,15,2,0
408182,Amex Stadium,30559.0,False,Chelsea,52.3,16,5,4,7,81.2,0,3,3,56,42.2,4,15,8,3,0
408183,Turf Moor,19561.0,True,Burnley,61.9,20,1,13,6,80,3,8,2,28.6,51.5,4,12,9,1,0
408183,Turf Moor,19561.0,False,Aston Villa,38.1,11,6,3,2,68.2,2,4,1,69.2,48.5,0,10,12,1,0
408186,St. James' Park,52178.0,True,Newcastle United,23.4,5,2,2,1,69.7,1,4,0,60,33.3,7,8,12,1,0
408186,St. James' Park,52178.0,False,Leicester City,76.6,17,10,5,2,90.6,2,5,3,52.9,66.7,2,12,8,1,0
408188,St. Mary's Stadium,30976.0,True,Southampton,40.9,12,3,4,5,63.3,2,6,1,63.6,51.2,5,21,8,3,0
408188,St. Mary's Stadium,30976.0,False,Tottenham Hotspur,59.1,11,5,2,4,73.9,1,9,3,65.2,48.8,2,8,20,4,0
408189,Vicarage Road,20584.0,True,Watford,36.4,9,3,4,2,72.9,2,4,1,53.8,57.1,3,12,4,3,1
408189,Vicarage Road,20584.0,False,Wolverhampton Wanderers,63.6,16,4,7,5,84.9,2,7,0,60.9,42.9,1,6,12,1,0
408185,Etihad Stadium,54407.0,True,Manchester City,65.4,16,7,7,2,90.1,3,3,3,80,35.6,1,11,11,0,0
408185,Etihad Stadium,54407.0,False,Everton,34.6,7,2,3,2,77.3,0,6,1,71.4,64.4,5,11,11,4,0
408187,Carrow Road,27021.0,True,Norwich City,40.6,15,4,8,3,80.7,2,2,2,56.7,46.9,2,12,9,5,0
408187,Carrow Road,27021.0,False,Crystal Palace,59.4,12,3,4,5,81,1,5,1,18.8,53.1,3,9,12,0,0
408190,London Stadium,59917.0,True,West Ham United,42.6,14,7,5,2,79.3,2,9,1,69.6,45,2,3,11,1,0
408190,London Stadium,59917.0,False,Bournemouth,57.4,3,2,1,0,87.2,1,2,3,50,55,3,12,3,2,0
408181,Emirates Stadium,60328.0,True,Arsenal,48.8,10,4,5,1,84.8,0,1,0,52.6,43.8,4,11,15,2,0
408181,Emirates Stadium,60328.0,False,Manchester United,51.2,10,4,3,3,85.2,1,4,0,41.7,56.3,2,15,11,0,0
408171,Emirates Stadium,60309.0,True,Arsenal,42.1,7,2,5,0,78.9,1,2,2,68.8,53.1,2,13,18,5,0
408171,Emirates Stadium,60309.0,False,Chelsea,57.9,13,4,6,3,83.5,2,3,1,58.8,46.9,1,19,13,4,0
408174,Anfield,53326.0,True,Liverpool,62.9,10,3,4,3,86,2,5,2,36.8,40.9,2,7,2,1,0
408174,Anfield,53326.0,False,Wolverhampton Wanderers,37.1,10,2,5,3,73.3,0,6,5,52.2,59.1,2,3,5,0,0
408175,Etihad Stadium,54512.0,True,Manchester City,72.9,16,4,6,6,90.6,1,8,1,80,41.4,0,5,6,1,0
408175,Etihad Stadium,54512.0,False,Sheffield United,27.1,8,0,6,2,74.2,3,5,5,62.5,58.6,2,6,4,1,0
408172,Amex Stadium,30441.0,True,Brighton and Hove Albion,55.1,16,6,6,4,82.9,0,9,3,65.2,52.2,2,9,10,0,0
408172,Amex Stadium,30441.0,False,Bournemouth,44.9,10,2,3,5,76.8,0,2,0,50,47.8,4,11,9,2,0
408176,St. James' Park,52211.0,True,Newcastle United,42.7,20,5,9,6,73.5,1,5,3,50,67.1,7,13,12,2,0
408176,St. James' Park,52211.0,False,Everton,57.3,22,9,7,6,78.4,2,8,2,66.7,32.9,4,13,12,2,0
408178,St. Mary's Stadium,31108.0,True,Southampton,59.9,14,5,4,5,80.7,1,12,2,50,46.2,1,13,7,1,0
408178,St. Mary's Stadium,31108.0,False,Crystal Palace,40.1,5,2,3,0,72.8,0,4,2,62.5,53.8,4,7,13,2,0
408179,Vicarage Road,21348.0,True,Watford,48.8,20,6,5,9,79.4,2,6,1,71.4,38.9,2,16,9,3,1
408179,Vicarage Road,21348.0,False,Aston Villa,51.2,11,2,3,6,81.3,1,3,3,54.5,61.1,3,9,15,1,0
408177,Carrow Road,27072.0,True,Norwich City,41.1,5,2,3,0,70.8,0,4,3,59.1,48.6,5,12,10,3,0
408177,Carrow Road,27072.0,False,Tottenham Hotspur,58.9,15,7,1,7,81.2,1,6,3,54.5,51.4,1,10,11,3,0
408180,London Stadium,59519.0,True,West Ham United,42.7,14,4,5,5,70.8,0,5,2,58.3,64.1,6,16,4,4,0
408180,London Stadium,59519.0,False,Leicester City,57.3,13,8,2,3,81.1,3,6,3,54.5,35.9,3,4,16,1,0
408173,Turf Moor,21924.0,True,Burnley,38.6,8,1,5,2,67.8,1,5,5,69.2,51.2,2,17,8,4,0
408173,Turf Moor,21924.0,False,Manchester United,61.4,14,5,3,6,81.2,2,4,2,50,48.8,1,10,17,3,0
408170,Molineux,31737.0,True,Wolverhampton Wanderers,61.9,21,8,6,7,88.7,3,3,0,53.8,53.8,1,7,12,0,0
408170,Molineux,31737.0,False,Manchester City,38.1,7,3,3,1,78.8,1,1,1,37.5,46.2,5,13,7,1,1
408169,Tottenham Hotspur Stadium,56308.0,True,Tottenham Hotspur,53.8,11,5,2,4,78.9,1,9,5,78.9,29,4,10,9,4,0
408169,Tottenham Hotspur Stadium,56308.0,False,Brighton and Hove Albion,46.2,11,5,5,1,79.6,2,2,0,56.5,71,3,9,10,2,0
408161,Villa Park,41289.0,True,Aston Villa,42.5,11,2,5,4,74.7,0,5,1,63.2,61,5,15,12,2,0
408161,Villa Park,41289.0,False,Norwich City,57.5,16,6,6,4,83.5,2,8,0,71.4,39,1,12,15,3,0
408162,Vitality Stadium,10234.0,True,Bournemouth,39.5,12,4,5,3,79.6,2,8,1,43.8,53.8,1,5,12,4,0
408162,Vitality Stadium,10234.0,False,Arsenal,60.5,17,2,6,9,86.8,0,3,0,60,46.2,3,13,5,4,0
408163,Stamford Bridge,40651.0,True,Chelsea,66.1,10,3,5,2,80.8,2,8,1,61.9,55.7,1,10,9,3,0
408163,Stamford Bridge,40651.0,False,Southampton,33.9,5,3,0,2,63,1,1,2,50,44.3,3,9,9,2,0
408164,Selhurst Park,25462.0,True,Crystal Palace,58.2,13,4,8,1,83.3,3,7,1,62.5,37.2,1,5,10,0,0
408164,Selhurst Park,25462.0,False,West Ham United,41.8,10,2,5,3,73.8,1,6,2,50,62.8,2,10,5,2,0
408165,Goodison Park,39177.0,True,Everton,67.5,21,5,8,8,81.8,1,10,0,80,47.1,0,15,14,0,0
408165,Goodison Park,39177.0,False,Burnley,32.5,6,0,6,0,56.5,1,3,1,65,52.9,4,14,14,0,0
408168,Bramall Lane,30222.0,True,Sheffield United,58.1,16,4,6,6,75.8,1,9,4,44.4,57.4,1,11,8,0,0
408168,Bramall Lane,30222.0,False,Watford,41.9,5,2,2,1,68.7,1,1,1,42.9,42.6,3,8,11,3,0
408167,Old Trafford,73206.0,True,Manchester United,73.3,22,10,7,5,89.8,2,5,1,70.6,45.2,1,10,6,2,0
408167,Old Trafford,73206.0,False,Newcastle United,26.7,7,2,5,0,72.2,1,0,1,65,54.8,6,7,9,2,0
408166,The King Power Stadium,32211.0,True,Leicester City,41.2,3,0,2,1,81.9,0,2,6,68.8,48,2,5,7,1,0
408166,The King Power Stadium,32211.0,False,Liverpool,58.8,15,6,7,2,85.8,4,8,3,80,52,0,7,4,1,0
408159,Vicarage Road,21488.0,True,Watford,36.1,11,3,3,5,66.8,0,3,5,47.4,30.6,8,16,10,3,0
408159,Vicarage Road,21488.0,False,Manchester United,63.9,17,8,6,3,84.2,3,5,4,44.4,69.4,1,11,14,1,0
408158,Tottenham Hotspur Stadium,61104.0,True,Tottenham Hotspur,44.5,5,1,2,2,78.2,0,3,0,68.4,50,1,9,11,4,1
408158,Tottenham Hotspur Stadium,61104.0,False,Chelsea,55.5,13,3,6,4,81.8,0,5,2,56.3,50,1,11,8,3,0
408154,Goodison Park,39336.0,True,Everton,43,9,0,5,4,79.3,0,5,0,40,45.5,2,10,10,2,0
408154,Goodison Park,39336.0,False,Arsenal,57,6,2,4,0,83.3,1,4,1,71.4,54.5,0,11,10,3,0
408151,Villa Park,41834.0,True,Aston Villa,56.5,19,6,7,6,77.5,1,7,2,55.6,67.3,5,16,15,2,0
408151,Villa Park,41834.0,False,Southampton,43.5,17,8,5,4,68.6,1,5,3,81.3,32.7,5,15,15,1,0
408152,Vitality Stadium,10020.0,True,Bournemouth,64.8,3,0,3,0,77.3,0,4,2,66.7,50,0,13,20,2,0
408152,Vitality Stadium,10020.0,False,Burnley,35.2,2,1,0,1,58.3,0,5,0,53.8,50,0,21,13,4,0
408153,Amex Stadium,30505.0,True,Brighton and Hove Albion,69,9,2,4,3,82.1,0,4,2,88.9,49.1,1,6,9,1,0
408153,Amex Stadium,30505.0,False,Sheffield United,31,7,2,5,0,64.2,1,3,3,59.1,50.9,2,11,5,3,0
408156,St. James' Park,45453.0,True,Newcastle United,42.5,8,3,2,3,77.3,0,4,2,56,45.2,4,12,11,2,0
408156,St. James' Park,45453.0,False,Crystal Palace,57.5,16,4,7,5,83.5,1,5,0,38.9,54.8,2,11,12,0,0
408157,Carrow Road,27053.0,True,Norwich City,50.2,13,7,5,1,80,2,4,3,73.3,50,2,7,14,2,0
408157,Carrow Road,27053.0,False,Wolverhampton Wanderers,49.8,14,4,2,8,81.1,2,11,2,61.5,50,6,14,7,4,0
408155,Etihad Stadium,54415.0,True,Manchester City,62.7,23,12,7,4,89.9,3,6,1,52.6,42.1,1,14,8,2,0
408155,Etihad Stadium,54415.0,False,Leicester City,37.3,5,2,3,0,81.2,2,1,3,42.9,57.9,9,9,13,2,0
408144,Selhurst Park,24175.0,True,Crystal Palace,34.8,11,4,6,1,71.7,0,3,0,50,72.2,9,7,12,1,0
408144,Selhurst Park,24175.0,False,Brighton and Hove Albion,65.2,15,10,3,2,83.6,1,7,1,68.8,27.8,3,12,6,1,0
408147,Old Trafford,63328.0,True,Manchester United,66.5,24,8,8,8,85.8,0,6,2,78.6,62.5,3,10,12,1,0
408147,Old Trafford,63328.0,False,Everton,33.5,8,3,5,0,66.7,0,5,3,47.6,37.5,7,12,10,2,0
408150,Molineux,31674.0,True,Wolverhampton Wanderers,57.8,19,5,4,10,76.7,0,11,0,50,41.5,3,14,10,4,0
408150,Molineux,31674.0,False,Tottenham Hotspur,42.2,9,5,3,1,72.8,1,2,1,55.6,58.5,4,10,12,4,0
408141,Emirates Stadium,60031.0,True,Arsenal,42.4,6,1,4,1,86.9,0,3,2,75,37.5,4,9,23,1,0
408141,Emirates Stadium,60031.0,False,Manchester City,57.6,14,7,3,4,90.5,1,3,1,52.4,62.5,1,24,8,4,0
408146,Anfield,53311.0,True,Liverpool,67.9,16,6,8,2,82.9,1,6,5,57.1,69.4,2,8,4,2,0
408146,Anfield,53311.0,False,Watford,32.1,8,2,6,0,64.1,1,3,4,71.4,30.6,4,6,7,1,0
408142,Turf Moor,19798.0,True,Burnley,48,7,4,2,1,73.2,1,4,3,78.6,60.4,0,15,11,0,0
408142,Turf Moor,19798.0,False,Newcastle United,52,9,0,7,2,73.3,2,3,1,47.1,39.6,3,12,15,2,0
408143,Stamford Bridge,40243.0,True,Chelsea,67,18,5,5,8,82.5,3,9,3,46.7,55.4,1,9,14,1,0
408143,Stamford Bridge,40243.0,False,Bournemouth,33,11,2,1,8,65.5,1,4,1,71.4,44.6,5,14,9,2,0
408145,The King Power Stadium,32101.0,True,Leicester City,56.8,18,5,8,5,84,0,12,0,76.2,44.8,2,11,12,0,0
408145,The King Power Stadium,32101.0,False,Norwich City,43.2,10,3,3,4,78.8,1,4,1,64.7,55.2,5,15,11,5,0
408148,Bramall Lane,30396.0,True,Sheffield United,56.7,7,3,2,2,77,5,3,3,58.3,47.1,0,10,7,2,0
408148,Bramall Lane,30396.0,False,Aston Villa,43.3,8,0,7,1,68.7,0,2,0,81.8,52.9,1,9,8,2,0
408149,St. Mary's Stadium,27701.0,True,Southampton,57,11,2,9,0,72.2,0,5,4,53.3,52.3,3,9,12,1,0
408149,St. Mary's Stadium,27701.0,False,West Ham United,43,11,4,3,4,60.7,0,8,2,64.7,47.7,2,14,9,3,0
408140,London Stadium,59936.0,True,West Ham United,35.8,11,4,4,3,78.9,0,4,1,59.3,41.9,0,12,6,2,0
408140,London Stadium,59936.0,False,Arsenal,64.2,10,3,3,4,86.5,3,3,0,58.3,58.1,3,6,12,0,0
408131,Villa Park,41908.0,True,Aston Villa,40.4,15,2,9,4,76.5,1,8,0,57.1,37.5,4,21,14,6,0
408131,Villa Park,41908.0,False,Leicester City,59.6,23,8,8,7,86,6,6,1,47.1,62.5,1,15,21,2,0
408136,St. James' Park,42303.0,True,Newcastle United,45.3,12,6,0,6,67.7,0,3,0,37.5,52.9,3,11,17,1,0
408136,St. James' Park,42303.0,False,Southampton,54.7,19,4,10,5,72.4,1,12,1,54.2,47.1,4,17,11,3,0
408137,Carrow Road,26881.0,True,Norwich City,58.2,14,4,5,5,78.2,0,9,1,52.9,41.4,1,6,11,0,0
408137,Carrow Road,26881.0,False,Sheffield United,41.8,9,3,5,1,70.1,1,1,2,64.7,58.6,3,12,6,4,0
408133,Amex Stadium,30189.0,True,Brighton and Hove Albion,62,13,5,5,3,81.6,1,3,1,53.8,45.9,4,10,7,3,0
408133,Amex Stadium,30189.0,False,Wolverhampton Wanderers,38,13,6,2,5,72.5,3,4,3,55.6,54.1,3,7,9,0,0
408134,Goodison Park,39114.0,True,Everton,30,13,7,3,3,62.7,1,1,2,58.3,50,3,14,8,3,0
408134,Goodison Park,39114.0,False,Chelsea,70,15,4,7,4,85,1,5,3,57.1,50,4,9,14,0,0
408132,Vitality Stadium,10832.0,True,Bournemouth,26.2,3,0,1,2,64.9,0,1,5,58.3,51.7,6,5,6,0,0
408132,Vitality Stadium,10832.0,False,Liverpool,73.8,21,9,7,5,89.1,4,4,1,50,48.3,0,6,5,1,0
408138,Tottenham Hotspur Stadium,58401.0,True,Tottenham Hotspur,49,13,7,3,3,77.3,4,1,1,68.4,48.1,1,12,7,1,0
408138,Tottenham Hotspur Stadium,58401.0,False,Burnley,51,7,1,5,1,76.4,1,1,2,46.7,51.9,2,8,12,1,0
408139,Vicarage Road,20070.0,True,Watford,50.2,13,3,4,6,72.9,2,6,1,71.4,56,0,15,16,4,0
408139,Vicarage Road,20070.0,False,Crystal Palace,49.8,3,0,2,1,73.7,0,2,1,78.6,44,3,16,15,2,0
408135,Etihad Stadium,54403.0,True,Manchester City,71.9,22,5,6,11,89.2,2,16,0,50,52.2,5,10,9,3,0
408135,Etihad Stadium,54403.0,False,Manchester United,28.1,11,7,2,2,75.1,0,3,0,63.2,47.8,4,10,10,2,0
408125,Bramall Lane,30409.0,True,Sheffield United,73.3,13,6,4,3,85.8,1,8,3,83.3,43.5,2,10,6,2,0
408125,Bramall Lane,30409.0,False,Newcastle United,26.7,6,4,1,1,66,1,1,2,64.3,56.5,6,6,10,0,0
408121,Emirates Stadium,60164.0,True,Arsenal,49.2,12,5,4,3,83.5,1,9,7,47.4,32.4,7,10,10,3,0
408121,Emirates Stadium,60164.0,False,Brighton and Hove Albion,50.8,20,9,5,6,81.6,0,9,0,63.6,67.6,4,11,9,1,0
408127,Stamford Bridge,40628.0,True,Chelsea,64.5,25,9,6,10,86.9,1,9,0,61.5,44.4,2,18,9,2,0
408127,Stamford Bridge,40628.0,False,Aston Villa,35.5,9,3,1,5,80.2,1,5,1,40.9,55.6,7,10,18,1,0
408123,The King Power Stadium,31763.0,True,Leicester City,63,12,6,4,2,82.1,2,7,3,45.5,50,1,13,16,3,0
408123,The King Power Stadium,31763.0,False,Watford,37,4,1,1,2,69.8,0,2,1,70.6,50,3,16,10,2,0
408124,Old Trafford,73252.0,True,Manchester United,46.6,12,7,3,2,76,0,4,1,60,40.7,4,9,9,0,0
408124,Old Trafford,73252.0,False,Tottenham Hotspur,53.4,8,5,1,2,79.1,0,3,1,83.3,59.3,5,9,9,1,0
408130,St. Mary's Stadium,27019.0,True,Southampton,40.1,14,5,5,4,68.9,2,6,3,55.6,49.1,2,12,7,1,0
408130,St. Mary's Stadium,27019.0,False,Norwich City,59.9,10,3,5,2,79.4,2,1,1,58.3,50.9,3,7,12,1,0
408126,Molineux,31217.0,True,Wolverhampton Wanderers,49.4,13,7,6,0,81.4,2,5,3,41.7,63.6,3,8,8,1,0
408126,Molineux,31217.0,False,West Ham United,50.6,6,3,2,1,81.5,1,4,3,65.2,36.4,5,9,7,2,0
408129,Anfield,53094.0,True,Liverpool,58.5,11,5,3,3,81,5,5,3,73.3,47.2,2,13,16,1,0
408129,Anfield,53094.0,False,Everton,41.5,12,4,7,1,72.3,2,6,3,68.4,52.8,0,17,12,2,0
408128,Selhurst Park,23497.0,True,Crystal Palace,30.8,7,2,3,2,73.6,0,6,1,50,40.9,3,6,14,3,1
408128,Selhurst Park,23497.0,False,Bournemouth,69.2,6,3,2,1,86.8,0,9,0,46.2,59.1,1,15,6,3,0
408122,Turf Moor,20101.0,True,Burnley,24.5,4,2,1,1,65.2,1,3,0,57.1,62.9,4,9,6,1,0
408122,Turf Moor,20101.0,False,Manchester City,75.5,17,8,4,5,89.1,2,6,2,62.5,37.1,1,6,9,1,0
408117,Carrow Road,27067.0,True,Norwich City,39.9,15,8,5,2,80.5,0,7,1,58.3,42.3,4,8,10,2,0
408117,Carrow Road,27067.0,False,Arsenal,60.1,16,7,1,8,84.8,0,12,0,43.8,57.7,6,10,7,1,0
408120,Molineux,31642.0,True,Wolverhampton Wanderers,59.4,13,3,4,6,81.6,1,7,1,47.1,50,3,12,16,1,0
408120,Molineux,31642.0,False,Sheffield United,40.6,10,4,5,1,74.8,4,2,3,73.7,50,3,18,12,5,0
408113,The King Power Stadium,32144.0,True,Leicester City,69.3,16,6,7,3,83.4,4,4,1,52.6,54.8,2,7,9,0,0
408113,The King Power Stadium,32144.0,False,Everton,30.7,11,3,5,3,67.3,2,4,3,35,45.2,4,9,7,1,0
408115,Old Trafford,73381.0,True,Manchester United,62.3,16,6,7,3,86.1,1,9,1,50,65.2,1,16,7,4,0
408115,Old Trafford,73381.0,False,Aston Villa,37.7,9,3,4,2,71.5,1,9,4,72.7,34.8,5,8,16,1,0
408116,St. James' Park,49937.0,True,Newcastle United,23.6,6,3,3,0,64.7,0,1,3,44.4,51.5,7,4,6,1,0
408116,St. James' Park,49937.0,False,Manchester City,76.4,24,9,8,7,88.4,2,10,3,58.3,48.5,1,6,3,2,0
408111,Turf Moor,19818.0,True,Burnley,43.5,15,4,8,3,66,2,5,1,75,50.8,1,13,8,2,0
408111,Turf Moor,19818.0,False,Crystal Palace,56.5,7,2,4,1,75,1,6,1,53.3,49.2,3,9,13,0,0
408112,Stamford Bridge,40595.0,True,Chelsea,65.7,19,6,8,5,87.8,3,9,3,71.4,45.7,3,0,15,0,0
408112,Stamford Bridge,40595.0,False,West Ham United,34.3,5,4,1,0,70.1,2,3,0,50,54.3,6,16,0,3,0
408114,Anfield,53319.0,True,Liverpool,44.8,15,7,5,3,80.5,1,4,1,45.5,42.9,4,3,9,0,1
408114,Anfield,53319.0,False,Brighton and Hove Albion,55.2,12,5,4,3,84,2,5,6,63.6,57.1,5,10,2,0,0
408119,Tottenham Hotspur Stadium,59626.0,True,Tottenham Hotspur,52.6,14,5,7,2,80.6,4,4,1,68.4,68.2,4,10,12,0,0
408119,Tottenham Hotspur Stadium,59626.0,False,Bournemouth,47.4,20,6,8,6,78.7,0,8,0,75,31.8,2,12,9,2,0
408118,St. Mary's Stadium,26929.0,True,Southampton,62.8,11,6,3,2,78.6,2,6,2,64.7,36.4,2,6,10,1,0
408118,St. Mary's Stadium,26929.0,False,Watford,37.2,6,3,3,0,64.8,0,7,4,55.6,63.6,3,10,6,0,0
408102,Villa Park,41821.0,True,Aston Villa,62,17,8,6,3,86.7,4,11,1,73.3,45,5,10,9,1,0
408102,Villa Park,41821.0,False,Newcastle United,38,11,5,3,3,78.4,1,6,2,46.7,55,6,9,10,1,0
408108,Bramall Lane,32024.0,True,Sheffield United,40.6,12,8,1,3,72.3,2,6,3,69.2,48.9,2,13,9,1,0
408108,Bramall Lane,32024.0,False,Manchester United,59.4,11,5,4,2,81.1,2,3,1,60,51.1,5,10,13,2,0
408110,London Stadium,59930.0,True,West Ham United,47.1,11,4,4,3,77.9,0,3,4,33.3,44.9,3,12,14,3,0
408110,London Stadium,59930.0,False,Tottenham Hotspur,52.9,15,6,6,3,80.7,4,7,6,42.1,55.1,3,14,11,2,0
408101,Emirates Stadium,60295.0,True,Arsenal,61,12,5,3,4,83,0,6,2,52,62.5,4,13,19,6,0
408101,Emirates Stadium,60295.0,False,Southampton,39,21,6,11,4,74.4,3,8,1,50,37.5,3,19,12,2,0
408103,Vitality Stadium,10539.0,True,Bournemouth,46.6,9,2,4,3,80.1,1,5,0,66.7,35.3,5,10,9,2,1
408103,Vitality Stadium,10539.0,False,Wolverhampton Wanderers,53.4,18,8,7,3,87,1,9,4,54.5,64.7,2,12,10,1,0
408104,Amex Stadium,30640.0,True,Brighton and Hove Albion,52.6,7,0,4,3,84.1,1,6,2,63.6,45,7,9,1,2,0
408104,Amex Stadium,30640.0,False,Leicester City,47.4,19,9,8,2,82.5,6,7,1,52.9,55,0,1,8,0,0
408105,Selhurst Park,25486.0,True,Crystal Palace,40,16,6,7,3,74.5,2,9,3,71.4,46.7,2,8,7,0,0
408105,Selhurst Park,25486.0,False,Liverpool,60,12,4,4,4,81.6,1,8,0,62.5,53.3,5,7,8,1,0
408106,Goodison Park,39241.0,True,Everton,57.3,18,7,7,4,76.1,0,7,0,65,48.9,3,12,11,3,0
408106,Goodison Park,39241.0,False,Norwich City,42.7,13,5,3,5,71,3,7,0,72.2,51.1,7,11,11,5,0
408109,Vicarage Road,19711.0,True,Watford,61.9,15,4,4,7,76.3,0,7,2,81.8,57.4,2,14,13,1,0
408109,Vicarage Road,19711.0,False,Burnley,38.1,11,5,3,3,63.7,2,5,2,66.7,42.6,4,13,14,3,0
408107,Etihad Stadium,54486.0,True,Manchester City,46.7,15,4,7,4,85.5,0,8,3,66.7,63.2,1,5,9,1,0
408107,Etihad Stadium,54486.0,False,Chelsea,53.3,11,2,6,3,89.1,1,3,4,73.3,36.8,2,9,5,1,0
408095,Old Trafford,73556.0,True,Manchester United,42.7,21,11,5,5,80.2,5,5,0,58.3,44,1,10,14,2,0
408095,Old Trafford,73556.0,False,Brighton and Hove Albion,57.3,6,2,3,1,80.7,2,2,4,53.6,56,8,14,10,5,0
408100,Molineux,31607.0,True,Wolverhampton Wanderers,50.1,17,5,7,5,80.3,0,6,0,57.1,59.4,3,17,5,4,0
408100,Molineux,31607.0,False,Aston Villa,49.9,13,4,5,4,79.7,0,3,1,65,40.6,3,8,15,3,0
408094,Anfield,53324.0,True,Liverpool,45,12,5,5,2,77.9,2,4,3,38.5,48.1,2,10,5,0,0
408094,Anfield,53324.0,False,Manchester City,55,18,3,7,8,83.8,2,13,5,66.7,51.9,2,5,10,2,0
408092,Stamford Bridge,40525.0,True,Chelsea,60.6,23,5,10,8,87.1,3,7,0,47.4,54.3,1,9,17,3,0
408092,Stamford Bridge,40525.0,False,Crystal Palace,39.4,3,1,1,1,76.9,1,0,0,68.4,45.7,3,17,9,2,0
408091,Turf Moor,20255.0,True,Burnley,40,14,12,1,1,69.6,4,11,7,28.6,57.4,4,17,10,2,0
408091,Turf Moor,20255.0,False,West Ham United,60,7,4,2,1,75.8,1,4,1,57.1,42.6,10,10,16,1,0
408096,St. James' Park,44424.0,True,Newcastle United,33.9,21,9,5,7,69.9,1,5,4,44.4,54.8,3,10,5,2,0
408096,St. James' Park,44424.0,False,Bournemouth,66.1,16,4,7,5,83.9,0,4,1,71.4,45.2,7,5,10,0,0
408098,St. Mary's Stadium,29754.0,True,Southampton,47.3,4,3,1,0,70.7,0,5,2,41.7,47.1,3,12,11,1,0
408098,St. Mary's Stadium,29754.0,False,Everton,52.7,24,5,9,10,71.9,3,9,0,69.6,52.9,2,12,12,1,0
408099,Tottenham Hotspur Stadium,59781.0,True,Tottenham Hotspur,61.1,17,5,8,4,84.2,2,4,1,68.4,61.1,3,6,9,2,0
408099,Tottenham Hotspur Stadium,59781.0,False,Sheffield United,38.9,14,4,7,3,75.4,1,4,6,59.3,38.9,4,9,6,2,0
408093,The King Power Stadium,32209.0,True,Leicester City,50.2,19,7,9,3,87.7,2,5,1,47.4,69.2,1,10,10,1,0
408093,The King Power Stadium,32209.0,False,Arsenal,49.8,8,1,4,3,83.9,1,4,2,72.2,30.8,5,10,10,1,0
408097,Carrow Road,27074.0,True,Norwich City,65.8,17,5,7,5,87.6,0,10,1,61.1,44.4,0,7,13,1,0
408097,Carrow Road,27074.0,False,Watford,34.2,12,2,6,4,73.7,1,4,0,52,55.6,5,13,7,2,1
408085,Selhurst Park,25480.0,True,Crystal Palace,44.2,12,3,5,4,78.4,0,5,2,68.4,51.4,3,15,16,2,0
408085,Selhurst Park,25480.0,False,Leicester City,55.8,14,5,7,2,81.9,1,6,1,68.2,48.6,3,16,13,2,0
408086,Goodison Park,39001.0,True,Everton,47.3,7,3,3,1,74.9,1,5,1,46.2,47.1,1,9,8,1,0
408086,Goodison Park,39001.0,False,Tottenham Hotspur,52.7,5,2,2,1,77.7,1,2,2,86.7,52.9,2,8,9,2,1
408083,Vitality Stadium,10669.0,True,Bournemouth,42.6,13,6,4,3,71.6,2,4,1,53.8,68.2,4,14,12,4,0
408083,Vitality Stadium,10669.0,False,Manchester United,57.4,15,4,6,5,78.5,1,10,4,61.1,31.8,5,12,13,3,0
408081,Emirates Stadium,60383.0,True,Arsenal,57.5,10,4,5,1,86.3,1,8,2,62.5,28,7,6,15,0,0
408081,Emirates Stadium,60383.0,False,Wolverhampton Wanderers,42.5,24,8,4,12,79.6,1,9,2,59.1,72,3,15,6,2,0
408082,Villa Park,41878.0,True,Aston Villa,26.3,4,2,1,1,58.4,1,2,3,65,46.3,4,12,8,1,0
408082,Villa Park,41878.0,False,Liverpool,73.7,25,6,10,9,84.1,3,10,2,70.6,53.7,1,9,11,2,0
408084,Amex Stadium,30539.0,True,Brighton and Hove Albion,58.5,21,5,12,4,84,4,8,3,68.4,70,0,11,8,0,0
408084,Amex Stadium,30539.0,False,Norwich City,41.5,7,0,4,3,78.5,0,3,1,76.9,30,3,8,11,1,0
408087,Etihad Stadium,53922.0,True,Manchester City,75.3,26,4,9,13,87.9,4,17,3,88.9,42.9,2,11,9,3,0
408087,Etihad Stadium,53922.0,False,Southampton,24.7,3,3,0,0,61.8,0,0,0,55,57.1,2,10,9,1,0
408088,Bramall Lane,31131.0,True,Sheffield United,45.6,13,6,5,2,69.3,5,7,1,58.8,53.2,1,8,11,1,0
408088,Bramall Lane,31131.0,False,Burnley,54.4,6,0,5,1,74.3,0,6,0,80,46.8,3,12,8,2,0
408090,London Stadium,59907.0,True,West Ham United,69.5,16,6,6,4,85.9,0,7,1,61.5,47.4,6,10,7,2,0
408090,London Stadium,59907.0,False,Newcastle United,30.5,12,9,3,0,67.2,4,3,4,66.7,52.6,4,7,10,1,0
408089,Vicarage Road,21011.0,True,Watford,32.8,12,3,5,4,78.3,1,2,0,37.5,47.8,8,8,5,4,0
408089,Vicarage Road,21011.0,False,Chelsea,67.2,16,10,2,4,89.5,2,6,0,50,52.2,2,5,8,2,0
408076,St. James' Park,46019.0,True,Newcastle United,43.1,13,2,7,4,78.3,1,3,1,69.2,54.5,4,8,15,2,1
408076,St. James' Park,46019.0,False,Wolverhampton Wanderers,56.9,13,5,5,3,84.6,2,6,1,66.7,45.5,1,16,8,2,0
408071,Emirates Stadium,60345.0,True,Arsenal,56.2,15,6,8,1,81.5,0,12,1,47.6,40.5,2,18,8,2,0
408071,Emirates Stadium,60345.0,False,Crystal Palace,43.8,10,4,2,4,77.4,1,5,1,78.6,59.5,4,9,18,0,0
408074,Anfield,53222.0,True,Liverpool,68,21,13,3,5,83.7,2,8,0,75,59,3,9,11,3,0
408074,Anfield,53222.0,False,Tottenham Hotspur,32,11,4,5,2,67.1,1,3,4,56.3,41,12,11,7,3,0
408077,Carrow Road,27108.0,True,Norwich City,46.1,10,3,5,2,79.1,1,1,1,53.8,40,8,13,10,2,0
408077,Carrow Road,27108.0,False,Manchester United,53.9,21,11,7,3,84.6,4,10,0,54.2,60,2,10,12,2,0
408075,Etihad Stadium,54506.0,True,Manchester City,63.1,26,10,8,8,87.8,2,13,1,46.2,65.4,5,10,5,1,1
408075,Etihad Stadium,54506.0,False,Aston Villa,36.9,11,5,2,4,80.1,0,7,2,50,34.6,6,5,10,1,0
408072,Amex Stadium,30529.0,True,Brighton and Hove Albion,55.3,8,4,3,1,80.6,0,0,3,61.1,38.9,5,12,12,2,0
408072,Amex Stadium,30529.0,False,Everton,44.7,10,6,2,2,80.4,2,5,2,41.2,61.1,2,12,12,1,0
408079,Vicarage Road,20821.0,True,Watford,40.2,7,3,3,1,75.1,0,5,5,65,44.4,5,14,6,5,0
408079,Vicarage Road,20821.0,False,Bournemouth,59.8,15,5,3,7,83.2,1,10,3,56.3,55.6,3,8,14,3,0
408080,London Stadium,59878.0,True,West Ham United,60.8,12,4,7,1,80,5,10,4,66.7,46.8,2,7,10,2,0
408080,London Stadium,59878.0,False,Sheffield United,39.2,10,4,3,3,73.1,1,4,4,54.5,53.2,3,10,7,2,0
408073,Turf Moor,20975.0,True,Burnley,36.7,13,5,5,3,73.3,3,5,1,56.3,56.8,3,7,7,3,0
408073,Turf Moor,20975.0,False,Chelsea,63.3,16,7,2,7,85.2,0,6,0,38.5,43.2,3,8,7,2,0
408078,St. Mary's Stadium,28762.0,True,Southampton,27.4,6,3,2,1,63.6,0,2,1,60,50,6,3,11,0,1
408078,St. Mary's Stadium,28762.0,False,Leicester City,72.6,25,15,5,5,86.2,5,7,0,57.7,50,3,12,3,0,0
408068,Bramall Lane,30775.0,True,Sheffield United,31.4,8,2,5,1,71.4,1,7,1,66.7,65.1,3,10,11,4,0
408068,Bramall Lane,30775.0,False,Arsenal,68.6,9,3,4,2,86.6,1,12,1,35.3,34.9,1,12,8,4,0
408067,Old Trafford,73737.0,True,Manchester United,32,7,2,4,1,66.6,1,3,4,30,27.8,3,6,13,0,0
408067,Old Trafford,73737.0,False,Liverpool,68,10,4,4,2,83.9,2,1,1,55.6,72.2,1,14,6,1,0
408065,Goodison Park,39263.0,True,Everton,51.3,19,10,5,4,74.4,2,11,9,75,53.2,4,15,14,2,0
408065,Goodison Park,39263.0,False,West Ham United,48.7,8,4,3,1,68.8,0,2,4,76.9,46.8,9,15,15,2,0
408061,Villa Park,41826.0,True,Aston Villa,48.9,24,8,8,8,84.1,2,7,1,33.3,34.6,4,9,17,1,0
408061,Villa Park,41826.0,False,Brighton and Hove Albion,51.1,20,5,8,7,83.8,1,5,0,72.7,65.4,6,17,9,2,1
408062,Vitality Stadium,10669.0,True,Bournemouth,47.7,11,2,6,3,80.1,1,6,2,50,41.9,1,8,11,1,0
408062,Vitality Stadium,10669.0,False,Norwich City,52.3,10,1,6,3,80.6,0,7,2,64.3,58.1,2,11,8,3,0
408063,Stamford Bridge,40513.0,True,Chelsea,71.1,16,8,4,4,87.1,3,11,1,52.2,56.1,0,9,12,2,0
408063,Stamford Bridge,40513.0,False,Newcastle United,28.9,5,0,4,1,66.7,1,0,1,58.3,43.9,6,12,9,1,0
408066,The King Power Stadium,32105.0,True,Leicester City,64.5,19,3,9,7,83.8,0,9,2,59.1,48.9,3,4,10,0,0
408066,The King Power Stadium,32105.0,False,Burnley,35.5,13,4,3,6,71.9,2,4,3,80,51.1,1,10,4,3,0
408069,Tottenham Hotspur Stadium,58754.0,True,Tottenham Hotspur,69.4,12,2,3,7,86.3,0,11,5,72.7,47.1,1,5,8,4,0
408069,Tottenham Hotspur Stadium,58754.0,False,Watford,30.6,7,2,2,3,65.8,1,2,1,60,52.9,1,9,5,3,0
408070,Molineux,30915.0,True,Wolverhampton Wanderers,57,4,1,3,0,78.1,0,1,1,63.6,55.8,4,10,14,3,0
408070,Molineux,30915.0,False,Southampton,43,14,5,5,4,74.8,0,3,2,44.4,44.2,0,17,9,2,0
408064,Selhurst Park,25480.0,True,Crystal Palace,28.7,7,2,3,2,75,0,1,3,53.8,38.2,9,8,10,1,0
408064,Selhurst Park,25480.0,False,Manchester City,71.3,21,10,8,3,87.2,6,8,2,54.5,61.8,2,10,8,1,0
408051,Emirates Stadium,60326.0,True,Arsenal,52.5,12,2,6,4,75.4,1,14,0,56.5,35,2,12,6,1,0
408051,Emirates Stadium,60326.0,False,Bournemouth,47.5,10,2,7,1,76.9,1,5,0,57.1,65,1,6,12,2,0
408055,Etihad Stadium,54435.0,True,Manchester City,76,18,2,6,10,88.8,2,9,1,50,42.3,0,11,14,5,0
408055,Etihad Stadium,54435.0,False,Wolverhampton Wanderers,24,7,2,3,2,64.8,2,1,2,66.7,57.7,2,14,11,2,0
408058,St. Mary's Stadium,31473.0,True,Southampton,43.3,10,3,6,1,68.8,0,3,1,39.1,43.6,3,8,15,0,0
408058,St. Mary's Stadium,31473.0,False,Chelsea,56.7,13,7,4,2,74.8,4,5,0,63.2,56.4,1,15,7,1,0
408056,St. James' Park,51198.0,True,Newcastle United,31.9,12,2,5,5,72.6,1,4,1,83.3,56.1,3,12,9,3,0
408056,St. James' Park,51198.0,False,Manchester United,68.1,12,3,5,4,86.2,1,6,2,54.5,43.9,1,10,9,3,0
408052,Amex Stadium,30610.0,True,Brighton and Hove Albion,47.7,17,6,4,7,82,0,4,1,54.5,56.5,3,11,7,2,0
408052,Amex Stadium,30610.0,False,Tottenham Hotspur,52.3,8,3,3,2,82.6,0,4,1,47.8,43.5,3,7,10,1,0
408053,Turf Moor,20650.0,True,Burnley,40.8,9,3,4,2,65.7,0,7,5,66.7,46.8,2,5,12,2,0
408053,Turf Moor,20650.0,False,Everton,59.2,11,2,4,5,76.9,2,9,1,88.9,53.2,2,12,5,1,1
408054,Anfield,53322.0,True,Liverpool,50.7,18,8,6,4,78.1,4,4,3,52.6,39.3,0,9,17,1,0
408054,Anfield,53322.0,False,Leicester City,49.3,2,1,1,0,74.3,1,6,2,62.5,60.7,6,17,8,4,0
408057,Carrow Road,27045.0,True,Norwich City,57.6,21,5,8,8,81.1,0,10,0,70,41.7,7,14,17,1,0
408057,Carrow Road,27045.0,False,Aston Villa,42.4,22,12,7,3,77.7,3,6,1,56.3,58.3,4,17,13,3,0
408059,Vicarage Road,20811.0,True,Watford,39.5,8,2,4,2,70,3,7,2,41.2,51,3,7,6,0,0
408059,Vicarage Road,20811.0,False,Sheffield United,60.5,9,3,4,2,82.1,0,7,3,60,49,2,6,7,2,0
408060,London Stadium,59912.0,True,West Ham United,51.7,9,4,4,1,82.1,1,2,2,57.9,57.4,1,11,7,3,0
408060,London Stadium,59912.0,False,Crystal Palace,48.3,7,4,1,2,80.8,2,2,4,60,42.6,4,7,9,2,0
408047,Old Trafford,73201.0,True,Manchester United,54.8,16,4,6,6,79.5,1,8,2,40,47.6,4,18,12,4,0
408047,Old Trafford,73201.0,False,Arsenal,45.2,10,5,3,2,77.7,3,7,4,57.9,52.4,3,13,17,2,0
408046,The King Power Stadium,32168.0,True,Leicester City,68.9,13,5,5,3,89.1,2,9,0,54.2,40.9,0,12,9,1,0
408046,The King Power Stadium,32168.0,False,Newcastle United,31.1,3,0,3,0,76.8,0,0,1,64.7,59.1,1,9,11,1,1
408048,Bramall Lane,31774.0,True,Sheffield United,29.6,12,2,6,4,66,1,6,0,63.6,43.5,3,8,4,1,0
408048,Bramall Lane,31774.0,False,Liverpool,70.4,16,4,9,3,86,2,5,1,81.8,56.5,2,4,8,1,0
408041,Villa Park,41546.0,True,Aston Villa,60.2,16,3,7,6,77.9,1,7,2,35.7,47.5,1,10,16,1,0
408041,Villa Park,41546.0,False,Burnley,39.8,10,3,4,3,63,3,3,0,53.8,52.5,1,16,10,4,0
408042,Vitality Stadium,10729.0,True,Bournemouth,49.1,13,5,4,4,76.5,4,6,2,50,49,4,7,8,3,0
408042,Vitality Stadium,10729.0,False,West Ham United,50.9,17,6,4,7,77.2,2,6,2,69.6,51,3,8,7,1,0
408043,Stamford Bridge,40683.0,True,Chelsea,52.6,24,10,4,10,85.7,5,5,1,50,50,1,5,11,2,0
408043,Stamford Bridge,40683.0,False,Brighton and Hove Albion,47.4,8,1,4,3,82.5,1,2,2,57.1,50,8,13,5,3,0
408044,Selhurst Park,25477.0,True,Crystal Palace,44.6,15,3,6,6,80.2,0,5,2,55.6,57.7,3,14,10,3,0
408044,Selhurst Park,25477.0,False,Norwich City,55.4,10,3,2,5,83.6,1,5,1,29.4,42.3,1,10,14,1,0
408049,Tottenham Hotspur Stadium,59645.0,True,Tottenham Hotspur,41.4,9,4,3,2,78.6,2,6,1,52.2,51.4,5,5,16,0,1
408049,Tottenham Hotspur Stadium,59645.0,False,Southampton,58.6,14,6,6,2,86.3,0,6,1,50,48.6,2,16,5,2,0
408050,Molineux,30711.0,True,Wolverhampton Wanderers,39.1,6,2,4,0,77,2,1,2,42.9,35.3,5,5,5,0,0
408050,Molineux,30711.0,False,Watford,60.9,14,5,6,3,84.4,0,6,1,66.7,64.7,1,6,5,1,0
408045,Goodison Park,39222.0,True,Everton,37.2,12,8,3,1,82.1,3,5,2,57.9,59.3,5,4,8,2,0
408045,Goodison Park,39222.0,False,Manchester City,62.8,19,8,7,4,91.1,3,2,5,46.7,40.7,6,8,4,2,0
408034,Selhurst Park,25122.0,True,Crystal Palace,49.9,13,4,5,4,78.7,1,6,1,37.5,54.1,3,7,10,2,0
408034,Selhurst Park,25122.0,False,Wolverhampton Wanderers,50.1,13,4,3,6,77.8,3,7,0,51.6,45.9,4,10,7,1,1
408040,London Stadium,59936.0,True,West Ham United,46.5,8,6,1,1,78.3,0,3,2,62.5,61.8,3,8,9,2,0
408040,London Stadium,59936.0,False,Manchester United,53.5,9,3,2,4,83.3,2,7,1,69.2,38.2,4,9,8,2,0
408031,Emirates Stadium,60331.0,True,Arsenal,58.1,21,6,10,5,85.2,2,9,2,50,64.3,7,13,14,5,1
408031,Emirates Stadium,60331.0,False,Aston Villa,41.9,14,9,3,2,81.3,3,4,0,45,35.7,3,15,13,1,0
408033,Stamford Bridge,40638.0,True,Chelsea,55,13,2,8,3,80.1,2,6,7,53.3,52.6,1,8,13,3,0
408033,Stamford Bridge,40638.0,False,Liverpool,45,6,3,2,1,73,2,4,1,45.5,47.4,1,13,7,3,0
408036,The King Power Stadium,32129.0,True,Leicester City,44.2,16,7,6,3,75.3,0,8,3,60.9,44.4,3,16,13,1,0
408036,The King Power Stadium,32129.0,False,Tottenham Hotspur,55.8,11,4,6,1,82.1,2,2,3,72.2,55.6,5,13,16,2,0
408032,Turf Moor,19712.0,True,Burnley,41.4,13,6,2,5,76.2,3,7,2,71.4,50,2,11,9,0,0
408032,Turf Moor,19712.0,False,Norwich City,58.6,11,2,6,3,82.8,0,3,0,63.2,50,4,10,11,1,0
408035,Goodison Park,39354.0,True,Everton,69.8,16,3,6,7,83.3,2,12,1,50,44.2,0,9,8,1,0
408035,Goodison Park,39354.0,False,Sheffield United,30.2,2,1,1,0,63.4,1,3,1,66.7,55.8,3,9,8,3,0
408037,Etihad Stadium,54273.0,True,Manchester City,68.7,28,11,13,4,90.1,8,5,2,66.7,73.3,4,5,9,2,0
408037,Etihad Stadium,54273.0,False,Watford,31.3,5,4,0,1,78.9,0,4,2,41.7,26.7,3,9,5,2,0
408038,St. James' Park,43316.0,True,Newcastle United,28.7,11,4,5,2,69.6,2,5,0,61.1,51.4,2,12,8,2,0
408038,St. James' Park,43316.0,False,Brighton and Hove Albion,71.3,16,3,6,7,88.2,1,3,3,50,48.6,4,8,12,1,0
408039,St. Mary's Stadium,30168.0,True,Southampton,64.8,25,6,11,8,77.4,0,4,1,66.7,45.8,0,8,8,1,0
408039,St. Mary's Stadium,30168.0,False,Bournemouth,35.2,6,3,1,2,59.3,3,5,2,75,54.2,6,9,8,3,0
408021,Villa Park,42010.0,True,Aston Villa,46.6,10,5,4,1,80.6,2,2,3,47.4,48.5,1,13,12,2,0
408021,Villa Park,42010.0,False,West Ham United,53.4,13,1,5,7,83.2,0,4,3,66.7,51.5,5,12,13,1,1
408022,Vitality Stadium,10416.0,True,Bournemouth,40.5,13,6,5,2,69,2,7,4,50,48.9,4,5,14,0,0
408022,Vitality Stadium,10416.0,False,Everton,59.5,14,5,5,4,76.4,2,7,0,50,51.1,3,14,4,4,0
408029,Vicarage Road,21360.0,True,Watford,52.4,31,10,15,6,88.6,2,7,1,52.9,66.7,2,14,4,3,0
408029,Vicarage Road,21360.0,False,Arsenal,47.6,7,4,2,1,82.8,1,1,0,76.9,33.3,8,4,12,3,0
408024,Anfield,51430.0,True,Liverpool,75.3,21,9,9,3,90.2,4,10,2,84.6,65.8,0,5,4,0,0
408024,Anfield,51430.0,False,Newcastle United,24.7,8,1,4,3,72.7,0,1,8,55,34.2,5,4,5,0,0
408023,Amex Stadium,29398.0,True,Brighton and Hove Albion,62.5,14,5,7,2,75.8,1,3,2,61.9,51.9,0,13,7,0,0
408023,Amex Stadium,29398.0,False,Burnley,37.5,7,1,6,0,62.7,0,6,2,76.5,48.1,4,7,13,2,0
408025,Old Trafford,73689.0,True,Manchester United,41.7,10,5,5,0,74.8,0,3,0,57.9,40.7,3,14,14,1,0
408025,Old Trafford,73689.0,False,Leicester City,58.3,9,3,4,2,79.2,2,9,2,56.7,59.3,4,14,14,2,0
408027,Bramall Lane,30985.0,True,Sheffield United,48.2,17,4,8,5,74.4,3,12,3,52.4,44.4,6,10,6,1,1
408027,Bramall Lane,30985.0,False,Southampton,51.8,11,7,3,1,77.7,4,6,1,50,55.6,4,7,10,1,0
408028,Tottenham Hotspur Stadium,59812.0,True,Tottenham Hotspur,64.1,13,5,7,1,88,1,4,1,54.5,57.1,6,19,11,4,0
408028,Tottenham Hotspur Stadium,59812.0,False,Crystal Palace,35.9,11,6,2,3,77.3,0,3,0,73.3,42.9,2,11,19,3,0
408030,Molineux,31534.0,True,Wolverhampton Wanderers,45.3,11,4,4,3,78,0,7,1,58.8,43.6,1,8,10,1,0
408030,Molineux,31534.0,False,Chelsea,54.7,15,6,7,2,85,4,5,1,70,56.4,3,11,8,2,0
408026,Carrow Road,27035.0,True,Norwich City,31.4,7,3,3,1,74.2,3,3,1,75,36.7,6,8,7,3,0
408026,Carrow Road,27035.0,False,Manchester City,68.6,25,8,6,11,88.5,4,16,0,60,63.3,0,7,8,1,0
408015,Goodison Park,39374.0,True,Everton,58.7,15,6,3,6,80.7,2,7,1,70.8,50,3,12,12,1,0
408015,Goodison Park,39374.0,False,Wolverhampton Wanderers,41.3,8,5,1,2,67.8,3,7,2,42.1,50,3,12,12,4,1
408011,Emirates Stadium,60333.0,True,Arsenal,54.8,26,8,10,8,83.9,2,11,3,52.2,55.2,7,13,18,3,0
408011,Emirates Stadium,60333.0,False,Tottenham Hotspur,45.2,13,9,3,1,79.6,0,6,1,46.2,44.8,6,19,13,5,0
408019,St. Mary's Stadium,30499.0,True,Southampton,41.4,10,2,5,3,73.6,1,2,0,60,40,7,17,6,1,1
408019,St. Mary's Stadium,30499.0,False,Manchester United,58.6,21,8,9,4,79.5,2,3,1,57.9,60,1,7,15,2,0
408013,Stamford Bridge,40560.0,True,Chelsea,62.3,13,5,5,3,87.2,2,3,2,43.8,46.5,2,6,11,0,0
408013,Stamford Bridge,40560.0,False,Sheffield United,37.7,8,2,5,1,78.8,2,4,0,66.7,53.5,3,11,6,1,0
408014,Selhurst Park,25248.0,True,Crystal Palace,52.8,22,5,10,7,84.3,1,13,2,50,50,2,15,15,2,0
408014,Selhurst Park,25248.0,False,Aston Villa,47.2,10,2,3,5,83.1,0,2,0,68.4,50,4,16,15,4,1
408016,The King Power Stadium,31613.0,True,Leicester City,55,15,6,5,4,80.4,3,4,2,59.1,41.7,1,9,10,1,0
408016,The King Power Stadium,31613.0,False,Bournemouth,45,8,2,2,4,77.3,1,5,1,78.6,58.3,3,11,9,3,0
408017,Etihad Stadium,54386.0,True,Manchester City,53.5,15,6,8,1,89.5,4,8,1,46.7,50,1,10,6,1,0
408017,Etihad Stadium,54386.0,False,Brighton and Hove Albion,46.5,6,2,1,3,86.8,2,1,3,44.4,50,2,6,9,1,0
408018,St. James' Park,44157.0,True,Newcastle United,48.8,13,5,3,5,76.7,2,6,6,27.3,42.9,3,5,11,2,0
408018,St. James' Park,44157.0,False,Watford,51.2,13,3,5,5,77.1,0,5,0,64.3,57.1,4,11,5,3,0
408020,London Stadium,59950.0,True,West Ham United,48.6,18,8,7,3,83.3,2,8,2,65.5,68,3,16,10,2,0
408020,London Stadium,59950.0,False,Norwich City,51.4,8,3,3,2,86.6,2,2,3,71.4,32,5,10,15,1,0
408012,Turf Moor,21762.0,True,Burnley,36.2,7,2,4,1,60.7,1,6,5,71.4,46.7,5,10,15,0,0
408012,Turf Moor,21762.0,False,Liverpool,63.8,15,7,2,6,77.8,3,4,1,54.5,53.3,2,16,10,0,0
408002,Vitality Stadium,10486.0,True,Bournemouth,26.2,10,7,2,1,71.9,1,4,2,62.5,48.4,2,7,13,1,0
408002,Vitality Stadium,10486.0,False,Manchester City,73.8,18,5,4,9,88.9,4,5,4,75,51.6,6,13,7,3,0
408008,Tottenham Hotspur Stadium,59245.0,True,Tottenham Hotspur,80.2,17,2,8,7,90.4,1,6,1,60,38.5,2,10,5,2,0
408008,Tottenham Hotspur Stadium,59245.0,False,Newcastle United,19.8,8,3,2,3,74.7,1,6,4,66.7,61.5,2,5,10,2,0
408010,Molineux,30522.0,True,Wolverhampton Wanderers,65.1,17,2,8,7,80.2,0,4,1,77.8,63.1,3,9,11,0,0
408010,Molineux,30522.0,False,Burnley,34.9,13,4,6,3,66,1,3,1,58.3,36.9,2,11,9,2,0
408006,Carrow Road,27032.0,True,Norwich City,46.6,6,5,1,0,81.3,1,1,0,43.8,41.4,5,9,7,1,0
408006,Carrow Road,27032.0,False,Chelsea,53.4,23,8,5,10,84.2,2,8,0,69.2,58.6,3,9,8,1,0
408003,Amex Stadium,30019.0,True,Brighton and Hove Albion,50.7,12,3,6,3,75.1,1,8,1,62.5,61.5,2,9,10,1,1
408003,Amex Stadium,30019.0,False,Southampton,49.3,12,4,5,3,75.2,3,5,0,63.2,38.5,3,10,9,3,0
408005,Old Trafford,73454.0,True,Manchester United,71.3,22,3,13,6,85.6,1,8,0,44.4,60.5,1,8,18,2,0
408005,Old Trafford,73454.0,False,Crystal Palace,28.7,5,3,1,1,61,1,1,0,52,39.5,2,18,7,4,0
408007,Bramall Lane,30079.0,True,Sheffield United,49.1,7,2,3,2,75.1,1,7,1,81.3,54.3,0,11,6,1,0
408007,Bramall Lane,30079.0,False,Leicester City,50.9,10,2,4,4,79.2,1,4,5,53.8,45.7,1,6,11,0,0
408009,Vicarage Road,20035.0,True,Watford,54.9,23,3,10,10,83.9,3,8,1,70.6,48.5,7,12,11,1,0
408009,Vicarage Road,20035.0,False,West Ham United,45.1,16,10,4,2,79.3,3,7,2,64.7,51.5,2,11,12,1,0
408004,Anfield,53298.0,True,Liverpool,52.8,25,5,6,14,85.8,3,6,1,70.8,33.3,2,8,4,1,0
408004,Anfield,53298.0,False,Arsenal,47.2,9,3,4,2,86.5,0,4,5,46.7,66.7,2,5,7,1,0
408001,Villa Park,41922.0,True,Aston Villa,35.2,7,3,2,2,72.8,2,0,8,50,36.4,1,10,17,2,0
408001,Villa Park,41922.0,False,Everton,64.8,12,1,7,4,80.7,2,6,1,68.8,63.6,1,18,10,3,0
408000,Molineux,31314.0,True,Wolverhampton Wanderers,34.4,6,2,3,1,75.1,0,4,1,52.9,33.3,1,17,6,2,0
408000,Molineux,31314.0,False,Manchester United,65.6,9,2,4,3,86.7,0,6,1,65.2,66.7,1,8,17,2,0
407998,Bramall Lane,30197.0,True,Sheffield United,42.5,15,3,6,6,77.4,1,8,0,55,46,4,16,10,3,0
407998,Bramall Lane,30197.0,False,Crystal Palace,57.5,6,4,0,2,78.7,0,4,1,71.4,54,2,11,16,1,0
407994,Stamford Bridge,40629.0,True,Chelsea,50.2,14,5,7,2,79.1,1,4,3,56,63.9,2,9,14,1,0
407994,Stamford Bridge,40629.0,False,Leicester City,49.8,12,3,7,2,77.4,1,5,3,55.2,36.1,4,14,9,0,0
407991,Emirates Stadium,60214.0,True,Arsenal,67.5,15,9,3,3,83.7,2,10,5,58.3,51.2,3,13,9,2,0
407991,Emirates Stadium,60214.0,False,Burnley,32.5,18,5,9,4,64.5,1,7,1,68.8,48.8,7,11,11,1,0
407992,Villa Park,40996.0,True,Aston Villa,62.6,21,7,9,5,82,2,11,5,85.7,56,2,10,13,0,0
407992,Villa Park,40996.0,False,Bournemouth,37.4,12,4,4,4,70.5,1,5,2,60,44,6,13,10,2,0
407993,Amex Stadium,30459.0,True,Brighton and Hove Albion,57.3,16,4,9,3,79.5,5,8,2,45,68.9,2,11,10,0,0
407993,Amex Stadium,30459.0,False,West Ham United,42.7,8,3,4,1,73.2,2,6,4,68.2,31.1,3,10,11,2,0
407995,Goodison Park,39066.0,True,Everton,44.1,12,2,6,4,67.3,1,4,3,80,50.9,2,11,10,2,0
407995,Goodison Park,39066.0,False,Watford,55.9,8,2,4,2,72.2,2,7,1,55.9,49.1,1,11,11,3,0
407997,Carrow Road,27059.0,True,Norwich City,63.3,15,8,3,4,87.7,3,7,2,78.6,60.9,3,9,11,1,0
407997,Carrow Road,27059.0,False,Newcastle United,36.7,12,4,7,1,80.7,2,5,1,71.4,39.1,5,11,9,3,0
407999,St. Mary's Stadium,31712.0,True,Southampton,36.2,14,3,7,4,64.9,4,5,4,53.3,44.1,4,10,4,2,0
407999,St. Mary's Stadium,31712.0,False,Liverpool,63.8,15,6,6,3,78.1,3,9,1,28.6,55.9,3,6,9,1,0
407996,Etihad Stadium,54503.0,True,Manchester City,55.4,30,10,8,12,90.3,3,13,3,46.7,60,0,14,4,1,0
407996,Etihad Stadium,54503.0,False,Tottenham Hotspur,44.6,3,2,1,0,84,0,2,1,58.8,40,8,4,13,0,0
407985,The King Power Stadium,32015.0,True,Leicester City,70,16,1,10,5,84.8,1,12,0,65,52.2,2,3,11,0,0
407985,The King Power Stadium,32015.0,False,Wolverhampton Wanderers,30,8,2,4,2,69.4,1,3,1,57.9,47.8,1,13,3,2,0
407990,St. James' Park,47635.0,True,Newcastle United,38.1,9,2,4,3,75.9,0,5,1,65.4,60,1,12,7,1,0
407990,St. James' Park,47635.0,False,Arsenal,61.9,8,2,4,2,84.9,2,3,3,54.5,40,2,7,11,3,0
407989,Old Trafford,73620.0,True,Manchester United,46.2,11,5,2,4,80.8,2,3,2,62.5,59.1,7,15,12,3,0
407989,Old Trafford,73620.0,False,Chelsea,53.8,18,7,7,4,84.5,0,5,0,42.9,40.9,1,13,15,4,0
407988,London Stadium,59870.0,True,West Ham United,42.9,5,3,2,0,80.6,1,1,2,55.6,51.4,4,6,13,2,0
407988,London Stadium,59870.0,False,Manchester City,57.1,14,9,3,2,86.5,4,1,4,72.2,48.6,3,13,6,2,0
407982,Vitality Stadium,10714.0,True,Bournemouth,52.9,13,3,7,3,79.2,1,3,1,72.2,40,2,10,17,2,0
407982,Vitality Stadium,10714.0,False,Sheffield United,47.1,8,3,4,1,77.6,2,4,1,78.6,60,2,19,9,1,0
407983,Turf Moor,19784.0,True,Burnley,46.5,10,4,4,2,55.1,1,2,5,57.1,51.1,3,6,11,0,0
407983,Turf Moor,19784.0,False,Southampton,53.5,11,3,5,3,63.4,1,7,1,71.4,48.9,1,12,6,0,0
407984,Selhurst Park,25151.0,True,Crystal Palace,35.4,6,2,0,4,60.1,1,6,4,66.7,62.5,2,16,12,2,0
407984,Selhurst Park,25151.0,False,Everton,64.6,10,3,3,4,80.2,0,2,0,50,37.5,2,14,16,1,1
407987,Vicarage Road,20245.0,True,Watford,48.2,11,3,4,4,78.5,0,5,0,33.3,42.4,1,15,11,0,0
407987,Vicarage Road,20245.0,False,Brighton and Hove Albion,51.8,5,3,2,0,78.5,2,2,3,58.3,57.6,3,11,14,1,0
407986,Tottenham Hotspur Stadium,60407.0,True,Tottenham Hotspur,70.1,31,7,14,10,89.6,3,14,1,70.6,45.5,3,13,9,1,0
407986,Tottenham Hotspur Stadium,60407.0,False,Aston Villa,29.9,7,4,2,1,78.1,1,0,0,44.8,54.5,3,9,13,0,0
407981,Anfield,53333.0,True,Liverpool,57.9,15,7,5,3,81.1,3,11,0,61.9,68.2,4,9,9,0,0
407981,Anfield,53333.0,False,Norwich City,42.1,12,5,5,2,76.6,1,2,5,66.7,31.8,4,9,9,2,0
